granule,row,col,label,aoi_pos_frac,data_frac,tier,dist_km,grounded_frac,ice_condition,vel_m_yr,source,timestamp
025_019,25600,14336,none,0.0,1.0,core,30.0,1.0,grounded,35.7,alphaearth,2026-09-02T21:55:23.071182+00:00
025_019,25600,14848,none,0.0,1.0,core,27.6,1.0,grounded,61.8,alphaearth,2026-09-02T21:55:23.071182+00:00
025_019,25600,15360,none,0.0,1.0,core,25.2,1.0,grounded,102.9,alphaearth,2026-09-02T21:55:23.071182+00:00
025_019,25600,15872,none,0.0,1.0,core,22.9,1.0,grounded,133.3,alphaearth,2026-09-02T21:55:23.071182+00:00
025_019,25600,16896,none,0.0,1.0,core,18.5,1.0,grounded,185.0,alphaearth,2026-09-02T21:55:23.071182+00:00
025_019,25600,17408,none,0.0,1.0,core,16.4,1.0,grounded,211.4,alphaearth,2026-09-02T21:55:23.071182+00:00
025_019,25600,18432,none,0.0,1.0,core,12.8,1.0,grounded,297.8,alphaearth,2026-09-02T21:55:23.071182+00:00
025_019,25600,18944,none,0.0,1.0,core,11.4,1.0,grounded,340.0,alphaearth,2026-09-02T21:55:23.071182+00:00
025_019,25600,19456,none,0.0,1.0,core,10.6,1.0,grounded,388.4,alphaearth,2026-09-02T21:55:23.071182+00:00
025_019,25600,19968,none,0.0,1.0,core,9.2,1.0,grounded,441.6,alphaearth,2026-09-02T21:55:23.071182+00:00
025_019,25600,20480,none,0.0,1.0,core,7.2,1.0,grounded,494.3,alphaearth,2026-09-02T21:55:23.071182+00:00
025_019,25600,20992,none,0.0,1.0,core,5.7,1.0,grounded,539.6,alphaearth,2026-09-02T21:55:23.071182+00:00
025_019,25600,21504,none,0.0,1.0,core,5.1,1.0,grounded,569.6,alphaearth,2026-09-02T21:55:23.071182+00:00
025_019,25600,22016,none,0.0,1.0,core,3.6,1.0,grounded,600.2,alphaearth,2026-09-02T21:55:23.071182+00:00
025_019,25600,22528,none,0.0,1.0,core,2.6,1.0,grounded,630.2,alphaearth,2026-09-02T21:55:23.071182+00:00
025_019,25600,23040,none,0.0,1.0,core,2.6,1.0,grounded,649.0,alphaearth,2026-09-02T21:55:23.071182+00:00
025_019,25600,25088,none,0.0,1.0,core,2.6,1.0,grounded,887.7,alphaearth,2026-09-02T21:55:23.071182+00:00
025_019,25600,25600,none,0.0,1.0,core,5.1,1.0,grounded,894.7,alphaearth,2026-09-02T21:55:23.071182+00:00
025_019,25600,26112,none,0.0,1.0,core,7.2,1.0,grounded,866.2,alphaearth,2026-09-02T21:55:23.071182+00:00
025_019,25600,26624,none,0.0,1.0,core,9.2,1.0,grounded,815.6,alphaearth,2026-09-02T21:55:23.071182+00:00
025_019,25600,27136,none,0.0,1.0,core,11.4,1.0,grounded,770.9,alphaearth,2026-09-02T21:55:23.071182+00:00
025_019,25600,27648,none,0.0,1.0,core,12.8,1.0,grounded,772.7,alphaearth,2026-09-02T21:55:23.071182+00:00
025_019,25600,28160,none,0.0,1.0,core,13.1,1.0,grounded,771.9,alphaearth,2026-09-02T21:55:23.071182+00:00
025_019,25600,28672,none,0.0,1.0,core,12.8,1.0,grounded,757.4,alphaearth,2026-09-02T21:55:23.071182+00:00
025_019,25600,29184,none,0.0,1.0,core,12.8,1.0,grounded,717.8,alphaearth,2026-09-02T21:55:23.071182+00:00
025_019,25600,29696,none,0.0,1.0,core,12.8,1.0,grounded,672.0,alphaearth,2026-09-02T21:55:23.071182+00:00
025_019,25600,30208,none,0.0,1.0,core,13.1,1.0,grounded,621.7,alphaearth,2026-09-02T21:55:23.071182+00:00
025_019,25600,30720,none,0.0,1.0,core,13.8,1.0,grounded,575.8,alphaearth,2026-09-02T21:55:23.071182+00:00
025_019,25600,31232,none,0.0,1.0,core,12.8,1.0,grounded,526.5,alphaearth,2026-09-02T21:55:23.071182+00:00
025_019,25600,31744,none,0.0,1.0,core,11.4,1.0,grounded,468.1,alphaearth,2026-09-02T21:55:23.071182+00:00
025_019,25600,32256,none,0.0,1.0,core,10.6,1.0,grounded,418.7,alphaearth,2026-09-02T21:55:23.071182+00:00
025_019,25600,32768,none,0.0,1.0,core,10.2,1.0,grounded,386.2,alphaearth,2026-09-02T21:55:23.071182+00:00
025_019,25600,33280,none,0.0,1.0,core,10.6,1.0,grounded,335.9,alphaearth,2026-09-02T21:55:23.071182+00:00
025_019,25600,33792,none,0.0,1.0,core,11.4,1.0,grounded,293.1,alphaearth,2026-09-02T21:55:23.071182+00:00
025_019,25600,35328,none,0.0,1.0,core,16.4,1.0,grounded,180.1,alphaearth,2026-09-02T21:55:23.071182+00:00
025_019,25600,35840,none,0.0,1.0,core,18.5,1.0,grounded,147.8,alphaearth,2026-09-02T21:55:23.071182+00:00
025_019,25600,36352,none,0.0,1.0,core,20.6,1.0,grounded,136.3,alphaearth,2026-09-02T21:55:23.071182+00:00
025_019,26112,15360,none,0.0,1.0,core,24.3,1.0,grounded,33.3,alphaearth,2026-09-02T21:55:23.071182+00:00
025_019,26112,15872,none,0.0,1.0,core,21.9,1.0,grounded,65.8,alphaearth,2026-09-02T21:55:23.071182+00:00
025_019,26112,16384,none,0.0,1.0,core,19.5,1.0,grounded,110.9,alphaearth,2026-09-02T21:55:23.071182+00:00
025_019,26112,16896,none,0.0,1.0,core,17.2,1.0,grounded,148.0,alphaearth,2026-09-02T21:55:23.071182+00:00
025_019,26112,18944,none,0.0,1.0,core,9.2,1.0,grounded,322.1,alphaearth,2026-09-02T21:55:23.071182+00:00
025_019,26112,20480,none,0.0,1.0,core,5.7,1.0,grounded,489.9,alphaearth,2026-09-02T21:55:23.071182+00:00
025_019,26112,20992,none,0.0,1.0,core,3.6,1.0,grounded,553.2,alphaearth,2026-09-02T21:55:23.071182+00:00
025_019,26112,21504,none,0.0,1.0,core,2.6,1.0,grounded,602.1,alphaearth,2026-09-02T21:55:23.071182+00:00
025_019,26112,22016,none,0.0,1.0,core,2.6,1.0,grounded,627.7,alphaearth,2026-09-02T21:55:23.071182+00:00
025_019,26112,25088,none,0.0,1.0,core,2.6,1.0,grounded,936.2,alphaearth,2026-09-02T21:55:23.071182+00:00
025_019,26112,25600,none,0.0,1.0,core,3.6,1.0,grounded,941.3,alphaearth,2026-09-02T21:55:23.071182+00:00
025_019,26112,26112,none,0.0,1.0,core,5.7,1.0,grounded,911.0,alphaearth,2026-09-02T21:55:23.071182+00:00
025_019,26112,26624,none,0.0,1.0,core,8.1,1.0,grounded,851.8,alphaearth,2026-09-02T21:55:23.071182+00:00
025_019,26112,27136,none,0.0,1.0,core,9.2,1.0,grounded,809.9,alphaearth,2026-09-02T21:55:23.071182+00:00
025_019,26112,27648,none,0.0,1.0,core,10.9,1.0,grounded,818.9,alphaearth,2026-09-02T21:55:23.071182+00:00
025_019,26112,28160,none,0.0,1.0,core,10.6,1.0,grounded,811.6,alphaearth,2026-09-02T21:55:23.071182+00:00
025_019,26112,28672,none,0.0,1.0,core,10.2,1.0,grounded,780.1,alphaearth,2026-09-02T21:55:23.071182+00:00
025_019,26112,29184,none,0.0,1.0,core,10.2,1.0,grounded,740.0,alphaearth,2026-09-02T21:55:23.071182+00:00
025_019,26112,29696,none,0.0,1.0,core,10.2,1.0,grounded,690.5,alphaearth,2026-09-02T21:55:23.071182+00:00
025_019,26112,30208,none,0.0,1.0,core,10.6,1.0,grounded,635.0,alphaearth,2026-09-02T21:55:23.071182+00:00
025_019,26112,30720,none,0.0,1.0,core,11.4,1.0,grounded,579.2,alphaearth,2026-09-02T21:55:23.071182+00:00
025_019,26112,31232,none,0.0,1.0,core,10.9,1.0,grounded,522.2,alphaearth,2026-09-02T21:55:23.071182+00:00
025_019,26112,31744,none,0.0,1.0,core,9.2,1.0,grounded,451.7,alphaearth,2026-09-02T21:55:23.071182+00:00
025_019,26112,32256,none,0.0,1.0,core,8.1,1.0,grounded,404.7,alphaearth,2026-09-02T21:55:23.071182+00:00
025_019,26112,33280,none,0.0,1.0,core,8.1,1.0,grounded,317.5,alphaearth,2026-09-02T21:55:23.071182+00:00
025_019,26112,33792,none,0.0,1.0,core,9.2,1.0,grounded,266.3,alphaearth,2026-09-02T21:55:23.071182+00:00
025_019,26112,34816,none,0.0,1.0,core,12.8,1.0,grounded,220.7,alphaearth,2026-09-02T21:55:23.071182+00:00
025_019,26112,35328,none,0.0,1.0,core,14.9,1.0,grounded,174.1,alphaearth,2026-09-02T21:55:23.071182+00:00
025_019,26112,35840,none,0.0,1.0,core,17.2,1.0,grounded,145.9,alphaearth,2026-09-02T21:55:23.071182+00:00
025_019,26112,36352,none,0.0,1.0,core,19.5,1.0,grounded,129.0,alphaearth,2026-09-02T21:55:23.071182+00:00
025_019,26624,16384,none,0.0,1.0,core,18.6,1.0,grounded,38.2,alphaearth,2026-09-02T21:55:23.071182+00:00
025_019,26624,16896,none,0.0,1.0,core,16.2,1.0,grounded,86.0,alphaearth,2026-09-02T21:55:23.071182+00:00
025_019,26624,17408,none,0.0,1.0,core,13.8,1.0,grounded,132.1,alphaearth,2026-09-02T21:55:23.071182+00:00
025_019,26624,17920,none,0.0,1.0,core,11.4,1.0,grounded,183.7,alphaearth,2026-09-02T21:55:23.071182+00:00
025_019,26624,18432,none,0.0,1.0,core,9.2,1.0,grounded,243.3,alphaearth,2026-09-02T21:55:23.071182+00:00
025_019,26624,18944,none,0.0,1.0,core,7.2,1.0,grounded,294.2,alphaearth,2026-09-02T21:55:23.071182+00:00
025_019,26624,19456,none,0.0,1.0,core,5.7,1.0,grounded,345.5,alphaearth,2026-09-02T21:55:23.071182+00:00
025_019,26624,19968,none,0.0,1.0,core,5.1,1.0,grounded,406.5,alphaearth,2026-09-02T21:55:23.071182+00:00
025_019,26624,20480,none,0.0,1.0,core,3.6,1.0,grounded,480.5,alphaearth,2026-09-02T21:55:23.071182+00:00
025_019,26624,20992,none,0.0,1.0,core,2.6,1.0,grounded,563.9,alphaearth,2026-09-02T21:55:23.071182+00:00
025_019,26624,25600,none,0.0,1.0,core,2.6,1.0,grounded,992.5,alphaearth,2026-09-02T21:55:23.071182+00:00
025_019,26624,26112,none,0.0,1.0,core,5.1,1.0,grounded,963.8,alphaearth,2026-09-02T21:55:23.071182+00:00
025_019,26624,26624,none,0.0,1.0,core,5.7,1.0,grounded,894.7,alphaearth,2026-09-02T21:55:23.071182+00:00
025_019,26624,27136,none,0.0,1.0,core,7.2,1.0,grounded,861.7,alphaearth,2026-09-02T21:55:23.071182+00:00
025_019,26624,27648,none,0.0,1.0,core,9.2,1.0,grounded,875.2,alphaearth,2026-09-02T21:55:23.071182+00:00
025_019,26624,28160,none,0.0,1.0,core,8.1,1.0,grounded,850.2,alphaearth,2026-09-02T21:55:23.071182+00:00
025_019,26624,28672,none,0.0,1.0,core,7.7,1.0,grounded,810.5,alphaearth,2026-09-02T21:55:23.071182+00:00
025_019,26624,29184,none,0.0,1.0,core,7.7,1.0,grounded,765.0,alphaearth,2026-09-02T21:55:23.071182+00:00
025_019,26624,29696,none,0.0,1.0,core,7.7,1.0,grounded,705.9,alphaearth,2026-09-02T21:55:23.071182+00:00
025_019,26624,30208,none,0.0,1.0,core,8.1,1.0,grounded,640.6,alphaearth,2026-09-02T21:55:23.071182+00:00
025_019,26624,30720,none,0.0,1.0,core,9.2,1.0,grounded,579.9,alphaearth,2026-09-02T21:55:23.071182+00:00
025_019,26624,31232,none,0.0,1.0,core,9.2,1.0,grounded,514.0,alphaearth,2026-09-02T21:55:23.071182+00:00
025_019,26624,31744,none,0.0,1.0,core,7.2,1.0,grounded,443.1,alphaearth,2026-09-02T21:55:23.071182+00:00
025_019,26624,32256,none,0.0,1.0,core,5.7,1.0,grounded,394.0,alphaearth,2026-09-02T21:55:23.071182+00:00
025_019,26624,32768,none,0.0,1.0,core,5.1,1.0,grounded,349.4,alphaearth,2026-09-02T21:55:23.071182+00:00
025_019,26624,35328,none,0.0,1.0,core,13.8,1.0,grounded,162.7,alphaearth,2026-09-02T21:55:23.071182+00:00
025_019,26624,35840,none,0.0,1.0,core,16.2,1.0,grounded,133.6,alphaearth,2026-09-02T21:55:23.071182+00:00
025_019,26624,36352,none,0.0,1.0,core,18.6,1.0,grounded,120.3,alphaearth,2026-09-02T21:55:23.071182+00:00
025_019,27136,16896,none,0.0,1.0,core,15.6,1.0,grounded,26.0,alphaearth,2026-09-02T21:55:23.071182+00:00
025_019,27136,17408,none,0.0,1.0,core,13.1,1.0,grounded,69.2,alphaearth,2026-09-02T21:55:23.071182+00:00
025_019,27136,17920,none,0.0,1.0,core,10.6,1.0,grounded,126.1,alphaearth,2026-09-02T21:55:23.071182+00:00
025_019,27136,19456,none,0.0,1.0,core,3.6,1.0,grounded,321.0,alphaearth,2026-09-02T21:55:23.071182+00:00
025_019,27136,19968,none,0.0,1.0,core,2.6,1.0,grounded,391.5,alphaearth,2026-09-02T21:55:23.071182+00:00
025_019,27136,20480,none,0.0,1.0,core,2.6,1.0,grounded,468.6,alphaearth,2026-09-02T21:55:23.071182+00:00
025_019,27136,25600,none,0.0,1.0,core,2.6,1.0,grounded,1042.9,alphaearth,2026-09-02T21:55:23.071182+00:00
025_019,27136,26112,none,0.0,1.0,core,2.6,1.0,grounded,1015.8,alphaearth,2026-09-02T21:55:23.071182+00:00
025_019,27136,26624,none,0.0,1.0,core,3.6,1.0,grounded,943.8,alphaearth,2026-09-02T21:55:23.071182+00:00
025_019,27136,27136,none,0.0,1.0,core,5.7,1.0,grounded,918.0,alphaearth,2026-09-02T21:55:23.071182+00:00
025_019,27136,27648,none,0.0,1.0,core,7.2,1.0,grounded,916.1,alphaearth,2026-09-02T21:55:23.071182+00:00
025_019,27136,28160,none,0.0,1.0,core,5.7,1.0,grounded,886.2,alphaearth,2026-09-02T21:55:23.071182+00:00
025_019,27136,28672,none,0.0,1.0,core,5.1,1.0,grounded,837.9,alphaearth,2026-09-02T21:55:23.071182+00:00
025_019,27136,29184,none,0.0,1.0,core,5.1,1.0,grounded,788.7,alphaearth,2026-09-02T21:55:23.071182+00:00
025_019,27136,29696,none,0.0,1.0,core,5.1,1.0,grounded,721.2,alphaearth,2026-09-02T21:55:23.071182+00:00
025_019,27136,30208,none,0.0,1.0,core,5.7,1.0,grounded,645.5,alphaearth,2026-09-02T21:55:23.071182+00:00
025_019,27136,30720,none,0.0,1.0,core,7.2,1.0,grounded,576.6,alphaearth,2026-09-02T21:55:23.071182+00:00
025_019,27136,31232,none,0.0,1.0,core,8.1,1.0,grounded,496.8,alphaearth,2026-09-02T21:55:23.071182+00:00
025_019,27136,33280,none,0.0,1.0,core,3.6,1.0,grounded,279.9,alphaearth,2026-09-02T21:55:23.071182+00:00
025_019,27136,33792,none,0.0,1.0,core,5.7,1.0,grounded,236.3,alphaearth,2026-09-02T21:55:23.071182+00:00
025_019,27136,34304,none,0.0,1.0,core,8.1,1.0,grounded,211.8,alphaearth,2026-09-02T21:55:23.071182+00:00
025_019,27136,35328,none,0.0,1.0,core,13.1,1.0,grounded,156.0,alphaearth,2026-09-02T21:55:23.071182+00:00
025_019,27136,35840,none,0.0,1.0,core,15.6,1.0,grounded,125.0,alphaearth,2026-09-02T21:55:23.071182+00:00
025_019,27136,36352,none,0.0,1.0,core,18.1,1.0,grounded,116.0,alphaearth,2026-09-02T21:55:23.071182+00:00
025_019,27648,17408,none,0.0,1.0,core,12.8,1.0,grounded,31.2,alphaearth,2026-09-02T21:55:23.071182+00:00
025_019,27648,17920,none,0.0,1.0,core,10.2,1.0,grounded,65.9,alphaearth,2026-09-02T21:55:23.071182+00:00
025_019,27648,18432,none,0.0,1.0,core,7.7,1.0,grounded,123.2,alphaearth,2026-09-02T21:55:23.071182+00:00
025_019,27648,18944,none,0.0,1.0,core,5.1,1.0,grounded,211.6,alphaearth,2026-09-02T21:55:23.071182+00:00
025_019,27648,19456,none,0.0,1.0,core,2.6,1.0,grounded,293.2,alphaearth,2026-09-02T21:55:23.071182+00:00
025_019,27648,23552,crevasse,0.294151,1.0,core,0.0,1.0,grounded,855.7,alphaearth,2026-09-02T21:55:23.071182+00:00
025_019,27648,26624,none,0.0,1.0,core,2.6,1.0,grounded,993.9,alphaearth,2026-09-02T21:55:23.071182+00:00
025_019,27648,27136,none,0.0,1.0,core,3.6,1.0,grounded,969.2,alphaearth,2026-09-02T21:55:23.071182+00:00
025_019,27648,27648,none,0.0,1.0,core,5.7,1.0,grounded,964.2,alphaearth,2026-09-02T21:55:23.071182+00:00
025_019,27648,28160,none,0.0,1.0,core,3.6,1.0,grounded,920.2,alphaearth,2026-09-02T21:55:23.071182+00:00
025_019,27648,28672,none,0.0,1.0,core,2.6,1.0,grounded,869.4,alphaearth,2026-09-02T21:55:23.071182+00:00
025_019,27648,29184,none,0.0,1.0,core,2.6,1.0,grounded,808.9,alphaearth,2026-09-02T21:55:23.071182+00:00
025_019,27648,29696,none,0.0,1.0,core,2.6,1.0,grounded,734.6,alphaearth,2026-09-02T21:55:23.071182+00:00
025_019,27648,30208,none,0.0,1.0,core,3.6,1.0,grounded,649.7,alphaearth,2026-09-02T21:55:23.071182+00:00
025_019,27648,30720,none,0.0,1.0,core,5.7,1.0,grounded,561.8,alphaearth,2026-09-02T21:55:23.071182+00:00
025_019,27648,31232,none,0.0,1.0,core,7.2,1.0,grounded,476.0,alphaearth,2026-09-02T21:55:23.071182+00:00
025_019,27648,31744,none,0.0,1.0,core,5.1,1.0,grounded,410.4,alphaearth,2026-09-02T21:55:23.071182+00:00
025_019,27648,34304,none,0.0,1.0,core,7.7,1.0,grounded,202.2,alphaearth,2026-09-02T21:55:23.071182+00:00
025_019,27648,34816,none,0.0,1.0,core,10.2,1.0,grounded,176.3,alphaearth,2026-09-02T21:55:23.071182+00:00
025_019,27648,35328,none,0.0,1.0,core,12.8,1.0,grounded,146.1,alphaearth,2026-09-02T21:55:23.071182+00:00
025_019,27648,35840,none,0.0,1.0,core,15.4,1.0,grounded,120.8,alphaearth,2026-09-02T21:55:23.071182+00:00
025_019,27648,36352,none,0.0,1.0,core,17.9,1.0,grounded,106.1,alphaearth,2026-09-02T21:55:23.071182+00:00
025_019,28160,17408,none,0.0,1.0,core,11.4,1.0,grounded,28.7,alphaearth,2026-09-02T21:55:23.071182+00:00
025_019,28160,17920,none,0.0,1.0,core,9.2,1.0,grounded,36.8,alphaearth,2026-09-02T21:55:23.071182+00:00
025_019,28160,18432,none,0.0,1.0,core,7.2,1.0,grounded,65.9,alphaearth,2026-09-02T21:55:23.071182+00:00
025_019,28160,18944,none,0.0,1.0,core,5.1,1.0,grounded,146.1,alphaearth,2026-09-02T21:55:23.071182+00:00
025_019,28160,26112,none,0.0,1.0,core,2.6,1.0,grounded,1108.1,alphaearth,2026-09-02T21:55:23.071182+00:00
025_019,28160,27136,none,0.0,1.0,core,2.6,1.0,grounded,1030.3,alphaearth,2026-09-02T21:55:23.071182+00:00
025_019,28160,27648,none,0.0,1.0,core,3.6,1.0,grounded,1009.6,alphaearth,2026-09-02T21:55:23.071182+00:00
025_019,28160,28160,none,0.0,1.0,core,2.6,1.0,grounded,953.7,alphaearth,2026-09-02T21:55:23.071182+00:00
025_019,28160,30208,none,0.0,1.0,core,2.6,1.0,grounded,647.9,alphaearth,2026-09-02T21:55:23.071182+00:00
025_019,28160,30720,none,0.0,1.0,core,3.6,1.0,grounded,549.9,alphaearth,2026-09-02T21:55:23.071182+00:00
025_019,28160,31232,none,0.0,1.0,core,5.7,1.0,grounded,467.0,alphaearth,2026-09-02T21:55:23.071182+00:00
025_019,28160,31744,none,0.0,1.0,core,5.1,1.0,grounded,399.7,alphaearth,2026-09-02T21:55:23.071182+00:00
025_019,28160,33280,none,0.0,1.0,core,2.6,1.0,grounded,271.9,alphaearth,2026-09-02T21:55:23.071182+00:00
025_019,28160,33792,none,0.0,1.0,core,5.1,1.0,grounded,233.2,alphaearth,2026-09-02T21:55:23.071182+00:00
025_019,28160,34304,none,0.0,1.0,core,7.7,1.0,grounded,196.5,alphaearth,2026-09-02T21:55:23.071182+00:00
025_019,28160,34816,none,0.0,1.0,core,10.2,1.0,grounded,171.8,alphaearth,2026-09-02T21:55:23.071182+00:00
025_019,28160,35328,none,0.0,1.0,core,12.8,1.0,grounded,134.7,alphaearth,2026-09-02T21:55:23.071182+00:00
025_019,28160,35840,none,0.0,1.0,core,15.4,1.0,grounded,113.5,alphaearth,2026-09-02T21:55:23.071182+00:00
025_019,28160,36352,none,0.0,1.0,core,17.9,1.0,grounded,101.0,alphaearth,2026-09-02T21:55:23.071182+00:00
025_019,28672,16384,none,0.0,1.0,core,15.6,1.0,grounded,24.1,alphaearth,2026-09-02T21:55:23.071182+00:00
025_019,28672,17408,none,0.0,1.0,core,10.6,1.0,grounded,32.5,alphaearth,2026-09-02T21:55:23.071182+00:00
025_019,28672,17920,none,0.0,1.0,core,8.1,1.0,grounded,36.2,alphaearth,2026-09-02T21:55:23.071182+00:00
025_019,28672,18944,none,0.0,1.0,core,3.6,1.0,grounded,80.9,alphaearth,2026-09-02T21:55:23.071182+00:00
025_019,28672,19456,none,0.0,1.0,core,2.6,1.0,grounded,196.9,alphaearth,2026-09-02T21:55:23.071182+00:00
025_019,28672,20480,crevasse,0.569645,1.0,core,0.0,1.0,grounded,403.0,alphaearth,2026-09-02T21:55:23.071182+00:00
025_019,28672,20992,crevasse,0.634033,1.0,core,0.0,1.0,grounded,542.1,alphaearth,2026-09-02T21:55:23.071182+00:00
025_019,28672,27136,none,0.0,1.0,core,2.6,1.0,grounded,1096.9,alphaearth,2026-09-02T21:55:23.071182+00:00
025_019,28672,27648,none,0.0,1.0,core,2.6,1.0,grounded,1065.8,alphaearth,2026-09-02T21:55:23.071182+00:00
025_019,28672,30720,none,0.0,1.0,core,2.6,1.0,grounded,532.2,alphaearth,2026-09-02T21:55:23.071182+00:00
025_019,28672,31232,none,0.0,1.0,core,3.6,1.0,grounded,464.0,alphaearth,2026-09-02T21:55:23.071182+00:00
025_019,28672,32256,none,0.0,1.0,core,3.6,1.0,grounded,339.7,alphaearth,2026-09-02T21:55:23.071182+00:00
025_019,28672,32768,none,0.0,1.0,core,2.6,1.0,grounded,298.3,alphaearth,2026-09-02T21:55:23.071182+00:00
025_019,28672,33792,none,0.0,1.0,core,5.7,1.0,grounded,246.2,alphaearth,2026-09-02T21:55:23.071182+00:00
025_019,28672,34304,none,0.0,1.0,core,8.1,1.0,grounded,218.1,alphaearth,2026-09-02T21:55:23.071182+00:00
025_019,28672,34816,none,0.0,1.0,core,10.6,1.0,grounded,177.8,alphaearth,2026-09-02T21:55:23.071182+00:00
025_019,28672,35328,none,0.0,1.0,core,13.1,1.0,grounded,137.2,alphaearth,2026-09-02T21:55:23.071182+00:00
025_019,28672,35840,none,0.0,1.0,core,15.6,1.0,grounded,114.5,alphaearth,2026-09-02T21:55:23.071182+00:00
025_019,28672,36352,none,0.0,1.0,core,18.1,1.0,grounded,100.6,alphaearth,2026-09-02T21:55:23.071182+00:00
025_019,29184,15360,none,0.0,1.0,core,20.5,1.0,grounded,24.1,alphaearth,2026-09-02T21:55:23.071182+00:00
025_019,29184,15872,none,0.0,1.0,core,17.9,1.0,grounded,27.9,alphaearth,2026-09-02T21:55:23.071182+00:00
025_019,29184,17408,none,0.0,1.0,core,10.2,1.0,grounded,39.7,alphaearth,2026-09-02T21:55:23.071182+00:00
025_019,29184,18432,none,0.0,1.0,core,5.1,1.0,grounded,48.7,alphaearth,2026-09-02T21:55:23.071182+00:00
025_019,29184,18944,none,0.0,1.0,core,2.6,1.0,grounded,60.7,alphaearth,2026-09-02T21:55:23.071182+00:00
025_019,29184,19968,crevasse,0.372509,1.0,core,0.0,1.0,grounded,278.6,alphaearth,2026-09-02T21:55:23.071182+00:00
025_019,29184,20480,crevasse,0.893692,1.0,core,0.0,1.0,grounded,399.6,alphaearth,2026-09-02T21:55:23.071182+00:00
025_019,29184,20992,crevasse,0.974915,1.0,core,0.0,1.0,grounded,512.8,alphaearth,2026-09-02T21:55:23.071182+00:00
025_019,29184,21504,crevasse,0.498749,1.0,core,0.0,1.0,grounded,660.1,alphaearth,2026-09-02T21:55:23.071182+00:00
025_019,29184,27648,none,0.0,1.0,core,2.6,1.0,grounded,1111.2,alphaearth,2026-09-02T21:55:23.071182+00:00
025_019,29184,31744,none,0.0,1.0,core,5.1,1.0,grounded,388.7,alphaearth,2026-09-02T21:55:23.071182+00:00
025_019,29184,32256,none,0.0,1.0,core,3.6,1.0,grounded,340.7,alphaearth,2026-09-02T21:55:23.071182+00:00
025_019,29184,32768,none,0.0,1.0,core,2.6,1.0,grounded,300.5,alphaearth,2026-09-02T21:55:23.071182+00:00
025_019,29184,33280,none,0.0,1.0,core,3.6,1.0,grounded,281.4,alphaearth,2026-09-02T21:55:23.071182+00:00
025_019,29184,33792,none,0.0,1.0,core,5.7,1.0,grounded,261.6,alphaearth,2026-09-02T21:55:23.071182+00:00
025_019,29184,34304,none,0.0,1.0,core,8.1,1.0,grounded,236.9,alphaearth,2026-09-02T21:55:23.071182+00:00
025_019,29184,34816,none,0.0,1.0,core,10.6,1.0,grounded,189.2,alphaearth,2026-09-02T21:55:23.071182+00:00
025_019,29184,35328,none,0.0,1.0,core,13.1,1.0,grounded,145.4,alphaearth,2026-09-02T21:55:23.071182+00:00
025_019,29184,35840,none,0.0,1.0,core,15.6,1.0,grounded,134.9,alphaearth,2026-09-02T21:55:23.071182+00:00
025_019,29184,36352,none,0.0,1.0,core,18.1,1.0,grounded,122.3,alphaearth,2026-09-02T21:55:23.071182+00:00
025_019,29696,16384,none,0.0,1.0,core,15.4,1.0,grounded,30.1,alphaearth,2026-09-02T21:55:23.071182+00:00
025_019,29696,16896,none,0.0,1.0,core,12.8,1.0,grounded,34.1,alphaearth,2026-09-02T21:55:23.071182+00:00
025_019,29696,17408,none,0.0,1.0,core,10.2,1.0,grounded,38.6,alphaearth,2026-09-02T21:55:23.071182+00:00
025_019,29696,17920,none,0.0,1.0,core,7.7,1.0,grounded,41.6,alphaearth,2026-09-02T21:55:23.071182+00:00
025_019,29696,18432,none,0.0,1.0,core,5.1,1.0,grounded,45.8,alphaearth,2026-09-02T21:55:23.071182+00:00
025_019,29696,18944,none,0.0,1.0,core,2.6,1.0,grounded,57.3,alphaearth,2026-09-02T21:55:23.071182+00:00
025_019,29696,19968,crevasse,0.652481,1.0,core,0.0,1.0,grounded,214.2,alphaearth,2026-09-02T21:55:23.071182+00:00
025_019,29696,20480,crevasse,0.657204,1.0,core,0.0,1.0,grounded,362.0,alphaearth,2026-09-02T21:55:23.071182+00:00
025_019,29696,21504,crevasse,0.882706,1.0,core,0.0,1.0,grounded,646.7,alphaearth,2026-09-02T21:55:23.071182+00:00
025_019,29696,22016,crevasse,0.378635,1.0,core,0.0,1.0,grounded,783.9,alphaearth,2026-09-02T21:55:23.071182+00:00
025_019,29696,31232,none,0.0,1.0,core,2.6,1.0,grounded,446.5,alphaearth,2026-09-02T21:55:23.071182+00:00
025_019,29696,31744,none,0.0,1.0,core,2.6,1.0,grounded,398.9,alphaearth,2026-09-02T21:55:23.071182+00:00
025_019,29696,32256,none,0.0,1.0,core,2.6,1.0,grounded,351.9,alphaearth,2026-09-02T21:55:23.071182+00:00
025_019,29696,34304,none,0.0,1.0,core,7.7,1.0,grounded,263.9,alphaearth,2026-09-02T21:55:23.071182+00:00
025_019,29696,34816,none,0.0,1.0,core,10.2,1.0,grounded,220.7,alphaearth,2026-09-02T21:55:23.071182+00:00
025_019,29696,35328,none,0.0,1.0,core,12.8,1.0,grounded,204.8,alphaearth,2026-09-02T21:55:23.071182+00:00
025_019,29696,35840,none,0.0,1.0,core,15.4,1.0,grounded,192.7,alphaearth,2026-09-02T21:55:23.071182+00:00
025_019,29696,36352,none,0.0,1.0,core,17.9,1.0,grounded,183.2,alphaearth,2026-09-02T21:55:23.071182+00:00
025_019,30208,15872,none,0.0,1.0,core,17.9,1.0,grounded,27.7,alphaearth,2026-09-02T21:55:23.071182+00:00
025_019,30208,16384,none,0.0,1.0,core,15.4,1.0,grounded,30.1,alphaearth,2026-09-02T21:55:23.071182+00:00
025_019,30208,16896,none,0.0,1.0,core,12.8,1.0,grounded,30.8,alphaearth,2026-09-02T21:55:23.071182+00:00
025_019,30208,17408,none,0.0,1.0,core,10.2,1.0,grounded,35.9,alphaearth,2026-09-02T21:55:23.071182+00:00
025_019,30208,18432,none,0.0,1.0,core,5.1,1.0,grounded,40.9,alphaearth,2026-09-02T21:55:23.071182+00:00
025_019,30208,18944,none,0.0,1.0,core,2.6,1.0,grounded,49.9,alphaearth,2026-09-02T21:55:23.071182+00:00
025_019,30208,19456,crevasse,0.252609,1.0,core,0.0,1.0,grounded,65.9,alphaearth,2026-09-02T21:55:23.071182+00:00
025_019,30208,19968,crevasse,0.731285,1.0,core,0.0,1.0,grounded,145.3,alphaearth,2026-09-02T21:55:23.071182+00:00
025_019,30208,20480,crevasse,0.836708,1.0,core,0.0,1.0,grounded,312.8,alphaearth,2026-09-02T21:55:23.071182+00:00
025_019,30208,20992,crevasse,0.805286,1.0,core,0.0,1.0,grounded,461.4,alphaearth,2026-09-02T21:55:23.071182+00:00
025_019,30208,21504,crevasse,0.857792,1.0,core,0.0,1.0,grounded,629.3,alphaearth,2026-09-02T21:55:23.071182+00:00
025_019,30208,29184,crevasse,0.71579,1.0,core,0.0,1.0,grounded,864.0,alphaearth,2026-09-02T21:55:23.071182+00:00
025_019,30208,29696,crevasse,0.49976,1.0,core,0.0,1.0,grounded,719.6,alphaearth,2026-09-02T21:55:23.071182+00:00
025_019,30208,31232,none,0.0,1.0,core,2.6,1.0,grounded,474.9,alphaearth,2026-09-02T21:55:23.071182+00:00
025_019,30208,32768,none,0.0,1.0,core,2.6,1.0,grounded,399.2,alphaearth,2026-09-02T21:55:23.071182+00:00
025_019,30208,33792,none,0.0,1.0,core,5.7,1.0,grounded,371.5,alphaearth,2026-09-02T21:55:23.071182+00:00
025_019,30208,34304,none,0.0,1.0,core,8.1,1.0,grounded,335.1,alphaearth,2026-09-02T21:55:23.071182+00:00
025_019,30208,34816,none,0.0,1.0,core,10.6,1.0,grounded,299.9,alphaearth,2026-09-02T21:55:23.071182+00:00
025_019,30208,35328,none,0.0,1.0,core,13.1,1.0,grounded,289.4,alphaearth,2026-09-02T21:55:23.071182+00:00
025_019,30208,35840,none,0.0,1.0,core,15.6,1.0,grounded,279.8,alphaearth,2026-09-02T21:55:23.071182+00:00
025_019,30208,36352,none,0.0,1.0,core,18.1,1.0,grounded,263.2,alphaearth,2026-09-02T21:55:23.071182+00:00
025_019,30720,15872,none,0.0,1.0,core,17.9,1.0,grounded,25.7,alphaearth,2026-09-02T21:55:23.071182+00:00
025_019,30720,16384,none,0.0,1.0,core,15.4,1.0,grounded,26.6,alphaearth,2026-09-02T21:55:23.071182+00:00
025_019,30720,16896,none,0.0,1.0,core,12.8,1.0,grounded,27.5,alphaearth,2026-09-02T21:55:23.071182+00:00
025_019,30720,17408,none,0.0,1.0,core,10.2,1.0,grounded,30.4,alphaearth,2026-09-02T21:55:23.071182+00:00
025_019,30720,17920,none,0.0,1.0,core,7.7,1.0,grounded,34.3,alphaearth,2026-09-02T21:55:23.071182+00:00
025_019,30720,18432,none,0.0,1.0,core,5.1,1.0,grounded,33.7,alphaearth,2026-09-02T21:55:23.071182+00:00
025_019,30720,18944,none,0.0,1.0,core,2.6,1.0,grounded,40.3,alphaearth,2026-09-02T21:55:23.071182+00:00
025_019,30720,19968,crevasse,0.383617,1.0,core,0.0,1.0,grounded,97.4,alphaearth,2026-09-02T21:55:23.071182+00:00
025_019,30720,20480,crevasse,0.966919,1.0,core,0.0,1.0,grounded,251.9,alphaearth,2026-09-02T21:55:23.071182+00:00
025_019,30720,20992,crevasse,0.898617,1.0,core,0.0,1.0,grounded,432.0,alphaearth,2026-09-02T21:55:23.071182+00:00
025_019,30720,22528,crevasse,0.254417,1.0,core,0.0,1.0,grounded,911.4,alphaearth,2026-09-02T21:55:23.071182+00:00
025_019,30720,27648,none,0.0,1.0,core,2.6,1.0,grounded,1246.8,alphaearth,2026-09-02T21:55:23.071182+00:00
025_019,30720,29184,crevasse,0.576302,1.0,core,0.0,1.0,grounded,861.2,alphaearth,2026-09-02T21:55:23.071182+00:00
025_019,30720,29696,crevasse,0.594177,1.0,core,0.0,1.0,grounded,714.4,alphaearth,2026-09-02T21:55:23.071182+00:00
025_019,30720,32768,none,0.0,1.0,core,2.6,1.0,grounded,448.9,alphaearth,2026-09-02T21:55:23.071182+00:00
025_019,30720,33792,none,0.0,1.0,core,7.2,1.0,grounded,404.1,alphaearth,2026-09-02T21:55:23.071182+00:00
025_019,30720,34304,none,0.0,1.0,core,9.2,1.0,grounded,378.3,alphaearth,2026-09-02T21:55:23.071182+00:00
025_019,30720,34816,none,0.0,1.0,core,11.4,1.0,grounded,341.0,alphaearth,2026-09-02T21:55:23.071182+00:00
025_019,30720,35328,none,0.0,1.0,core,13.8,1.0,grounded,329.6,alphaearth,2026-09-02T21:55:23.071182+00:00
025_019,31232,13312,none,0.0,1.0,core,30.7,1.0,grounded,13.7,alphaearth,2026-09-02T21:55:23.071182+00:00
025_019,31232,17408,none,0.0,1.0,core,10.2,1.0,grounded,25.1,alphaearth,2026-09-02T21:55:23.071182+00:00
025_019,31232,17920,none,0.0,1.0,core,7.7,1.0,grounded,29.7,alphaearth,2026-09-02T21:55:23.071182+00:00
025_019,31232,18432,none,0.0,1.0,core,5.1,1.0,grounded,30.0,alphaearth,2026-09-02T21:55:23.071182+00:00
025_019,31232,18944,none,0.0,1.0,core,2.6,1.0,grounded,35.0,alphaearth,2026-09-02T21:55:23.071182+00:00
025_019,31232,20480,crevasse,0.834885,1.0,core,0.0,1.0,grounded,178.3,alphaearth,2026-09-02T21:55:23.071182+00:00
025_019,31232,20992,crevasse,0.931549,1.0,core,0.0,1.0,grounded,381.7,alphaearth,2026-09-02T21:55:23.071182+00:00
025_019,31232,21504,crevasse,0.814163,1.0,core,0.0,1.0,grounded,574.0,alphaearth,2026-09-02T21:55:23.071182+00:00
025_019,31232,22016,crevasse,0.681194,1.0,core,0.0,1.0,grounded,760.4,alphaearth,2026-09-02T21:55:23.071182+00:00
025_019,31232,22528,crevasse,0.324959,1.0,core,0.0,1.0,grounded,915.9,alphaearth,2026-09-02T21:55:23.071182+00:00
025_019,31232,25600,crevasse,0.91103,1.0,core,0.0,1.0,grounded,1517.7,alphaearth,2026-09-02T21:55:23.071182+00:00
025_019,31232,29184,crevasse,0.284008,1.0,core,0.0,1.0,grounded,860.6,alphaearth,2026-09-02T21:55:23.071182+00:00
025_019,31232,30720,crevasse,0.571507,1.0,core,0.0,1.0,grounded,649.9,alphaearth,2026-09-02T21:55:23.071182+00:00
025_019,31232,31232,crevasse,0.329742,1.0,core,0.0,1.0,grounded,619.7,alphaearth,2026-09-02T21:55:23.071182+00:00
025_019,31232,32256,none,0.0,1.0,core,2.6,1.0,grounded,502.7,alphaearth,2026-09-02T21:55:23.071182+00:00
025_019,31232,32768,none,0.0,1.0,core,3.6,1.0,grounded,461.9,alphaearth,2026-09-02T21:55:23.071182+00:00
025_019,31232,33792,none,0.0,1.0,core,8.1,1.0,grounded,417.0,alphaearth,2026-09-02T21:55:23.071182+00:00
025_019,31232,34304,none,0.0,1.0,core,10.6,1.0,grounded,394.4,alphaearth,2026-09-02T21:55:23.071182+00:00
025_019,31232,35328,none,0.0,1.0,core,14.9,1.0,grounded,343.4,alphaearth,2026-09-02T21:55:23.071182+00:00
025_019,31744,16384,none,0.0,1.0,core,15.4,1.0,grounded,17.1,alphaearth,2026-09-02T21:55:23.071182+00:00
025_019,31744,16896,none,0.0,1.0,core,12.8,1.0,grounded,17.4,alphaearth,2026-09-02T21:55:23.071182+00:00
025_019,31744,18432,none,0.0,1.0,core,5.1,1.0,grounded,25.0,alphaearth,2026-09-02T21:55:23.071182+00:00
025_019,31744,20480,crevasse,0.507164,1.0,core,0.0,1.0,grounded,110.1,alphaearth,2026-09-02T21:55:23.071182+00:00
025_019,31744,20992,crevasse,0.846775,1.0,core,0.0,1.0,grounded,314.3,alphaearth,2026-09-02T21:55:23.071182+00:00
025_019,31744,22016,crevasse,0.810043,1.0,core,0.0,1.0,grounded,735.5,alphaearth,2026-09-02T21:55:23.071182+00:00
025_019,31744,22528,crevasse,0.568134,1.0,core,0.0,1.0,grounded,910.4,alphaearth,2026-09-02T21:55:23.071182+00:00
025_019,31744,24576,crevasse,0.745449,1.0,core,0.0,1.0,grounded,1469.3,alphaearth,2026-09-02T21:55:23.071182+00:00
025_019,31744,27648,crevasse,0.250511,1.0,core,0.0,1.0,grounded,1372.0,alphaearth,2026-09-02T21:55:23.071182+00:00
025_019,31744,29184,crevasse,0.772221,1.0,core,0.0,1.0,grounded,885.1,alphaearth,2026-09-02T21:55:23.071182+00:00
025_019,31744,29696,crevasse,0.559425,1.0,core,0.0,1.0,grounded,786.8,alphaearth,2026-09-02T21:55:23.071182+00:00
025_019,31744,32256,none,0.0,1.0,core,2.6,1.0,grounded,523.1,alphaearth,2026-09-02T21:55:23.071182+00:00
025_019,31744,32768,none,0.0,1.0,core,5.1,1.0,grounded,471.7,alphaearth,2026-09-02T21:55:23.071182+00:00
025_019,31744,34304,none,0.0,1.0,core,11.4,1.0,grounded,389.4,alphaearth,2026-09-02T21:55:23.071182+00:00
025_019,31744,34816,none,0.0,1.0,core,13.8,1.0,grounded,363.3,alphaearth,2026-09-02T21:55:23.071182+00:00
025_019,31744,36352,none,0.0,1.0,core,20.6,1.0,grounded,333.7,alphaearth,2026-09-02T21:55:23.071182+00:00
025_019,32256,19968,none,0.0,1.0,core,2.6,1.0,grounded,39.6,alphaearth,2026-09-02T21:55:23.071182+00:00
025_019,32256,20992,crevasse,0.887856,1.0,core,0.0,1.0,grounded,225.6,alphaearth,2026-09-02T21:55:23.071182+00:00
025_019,32256,22016,crevasse,0.890835,1.0,core,0.0,1.0,grounded,696.3,alphaearth,2026-09-02T21:55:23.071182+00:00
025_019,32256,22528,crevasse,0.876408,1.0,core,0.0,1.0,grounded,894.6,alphaearth,2026-09-02T21:55:23.071182+00:00
025_019,32256,28672,crevasse,0.991089,1.0,core,0.0,1.0,grounded,1092.2,alphaearth,2026-09-02T21:55:23.071182+00:00
025_019,32256,29184,crevasse,0.997791,1.0,core,0.0,1.0,grounded,942.5,alphaearth,2026-09-02T21:55:23.071182+00:00
025_019,32256,29696,crevasse,0.9842,1.0,core,0.0,1.0,grounded,919.1,alphaearth,2026-09-02T21:55:23.071182+00:00
025_019,32256,31744,none,0.0,1.0,core,2.6,1.0,grounded,572.5,alphaearth,2026-09-02T21:55:23.071182+00:00
025_019,32256,32256,none,0.0,1.0,core,3.6,1.0,grounded,496.5,alphaearth,2026-09-02T21:55:23.071182+00:00
025_019,32256,32768,none,0.0,1.0,core,5.7,1.0,grounded,448.2,alphaearth,2026-09-02T21:55:23.071182+00:00
025_019,32256,33280,none,0.0,1.0,core,7.2,1.0,grounded,421.8,alphaearth,2026-09-02T21:55:23.071182+00:00
025_019,32256,35328,none,0.0,1.0,core,16.2,1.0,grounded,337.7,alphaearth,2026-09-02T21:55:23.071182+00:00
025_019,32768,19968,none,0.0,1.0,core,2.6,1.0,grounded,29.4,alphaearth,2026-09-02T21:55:23.071182+00:00
025_019,32768,20992,crevasse,0.732555,1.0,core,0.0,1.0,grounded,137.9,alphaearth,2026-09-02T21:55:23.071182+00:00
025_019,32768,21504,crevasse,0.934376,1.0,core,0.0,1.0,grounded,382.5,alphaearth,2026-09-02T21:55:23.071182+00:00
025_019,32768,22016,crevasse,0.929756,1.0,core,0.0,1.0,grounded,639.7,alphaearth,2026-09-02T21:55:23.071182+00:00
025_019,32768,22528,crevasse,0.929031,1.0,core,0.0,1.0,grounded,864.4,alphaearth,2026-09-02T21:55:23.071182+00:00
025_019,32768,30208,crevasse,0.904232,1.0,core,0.0,1.0,grounded,938.3,alphaearth,2026-09-02T21:55:23.071182+00:00
025_019,32768,31744,none,0.0,1.0,core,2.6,1.0,grounded,489.5,alphaearth,2026-09-02T21:55:23.071182+00:00
025_019,32768,33792,none,0.0,1.0,core,8.1,1.0,grounded,348.2,alphaearth,2026-09-02T21:55:23.071182+00:00
025_019,32768,34304,none,0.0,1.0,core,10.6,1.0,grounded,333.3,alphaearth,2026-09-02T21:55:23.071182+00:00
025_019,32768,34816,none,0.0,1.0,core,12.8,1.0,grounded,323.9,alphaearth,2026-09-02T21:55:23.071182+00:00
025_019,32768,35328,none,0.0,1.0,core,14.9,1.0,grounded,320.2,alphaearth,2026-09-02T21:55:23.071182+00:00
025_019,32768,35840,none,0.0,1.0,core,17.2,1.0,grounded,317.7,alphaearth,2026-09-02T21:55:23.071182+00:00
025_019,32768,36352,none,0.0,1.0,core,19.5,1.0,grounded,315.8,alphaearth,2026-09-02T21:55:23.071182+00:00
025_019,33280,21504,crevasse,0.656139,1.0,core,0.0,1.0,grounded,269.5,alphaearth,2026-09-02T21:55:23.071182+00:00
025_019,33280,22528,crevasse,0.886242,1.0,core,0.0,1.0,grounded,815.5,alphaearth,2026-09-02T21:55:23.071182+00:00
025_019,33280,24064,crevasse,0.960499,1.0,core,0.0,1.0,grounded,1450.5,alphaearth,2026-09-02T21:55:23.071182+00:00
025_019,33280,25600,crevasse,0.971008,1.0,core,0.0,1.0,grounded,1850.4,alphaearth,2026-09-02T21:55:23.071182+00:00
025_019,33280,30208,crevasse,0.990234,1.0,core,0.0,1.0,grounded,908.2,alphaearth,2026-09-02T21:55:23.071182+00:00
025_019,33280,30720,crevasse,0.572502,1.0,core,0.0,1.0,grounded,651.3,alphaearth,2026-09-02T21:55:23.071182+00:00
025_019,33280,31744,none,0.0,1.0,core,2.6,1.0,grounded,400.0,alphaearth,2026-09-02T21:55:23.071182+00:00
025_019,33280,32768,none,0.0,1.0,core,2.6,1.0,grounded,311.5,alphaearth,2026-09-02T21:55:23.071182+00:00
025_019,33280,33280,none,0.0,1.0,core,5.1,1.0,grounded,303.8,alphaearth,2026-09-02T21:55:23.071182+00:00
025_019,33280,34304,none,0.0,1.0,core,9.2,1.0,grounded,293.3,alphaearth,2026-09-02T21:55:23.071182+00:00
025_019,33280,34816,none,0.0,1.0,core,11.4,1.0,grounded,291.8,alphaearth,2026-09-02T21:55:23.071182+00:00
025_019,33280,35328,none,0.0,1.0,core,13.8,1.0,grounded,293.1,alphaearth,2026-09-02T21:55:23.071182+00:00
025_019,33280,35840,none,0.0,1.0,core,16.2,1.0,grounded,293.9,alphaearth,2026-09-02T21:55:23.071182+00:00
025_019,33792,23552,crevasse,0.985901,1.0,core,0.0,1.0,grounded,1258.9,alphaearth,2026-09-02T21:55:23.071182+00:00
025_019,33792,27136,crevasse,0.998062,1.0,core,0.0,1.0,grounded,1816.3,alphaearth,2026-09-02T21:55:23.071182+00:00
025_019,33792,28160,crevasse,0.99548,1.0,core,0.0,1.0,grounded,1510.1,alphaearth,2026-09-02T21:55:23.071182+00:00
025_019,33792,30208,crevasse,0.995907,1.0,core,0.0,1.0,grounded,818.3,alphaearth,2026-09-02T21:55:23.071182+00:00
025_019,33792,30720,crevasse,0.54932,1.0,core,0.0,1.0,grounded,540.2,alphaearth,2026-09-02T21:55:23.071182+00:00
025_019,33792,33280,none,0.0,1.0,core,3.6,1.0,grounded,253.6,alphaearth,2026-09-02T21:55:23.071182+00:00
025_019,33792,33792,none,0.0,1.0,core,5.7,1.0,grounded,252.2,alphaearth,2026-09-02T21:55:23.071182+00:00
025_019,33792,34304,none,0.0,1.0,core,8.1,1.0,grounded,248.7,alphaearth,2026-09-02T21:55:23.071182+00:00
025_019,33792,35328,none,0.0,1.0,core,12.8,1.0,grounded,252.5,alphaearth,2026-09-02T21:55:23.071182+00:00
025_019,33792,35840,none,0.0,1.0,core,14.9,1.0,grounded,257.4,alphaearth,2026-09-02T21:55:23.071182+00:00
025_019,33792,36352,none,0.0,1.0,core,17.2,1.0,grounded,260.0,alphaearth,2026-09-02T21:55:23.071182+00:00
025_019,34304,25088,crevasse,0.85738,1.0,core,0.0,1.0,grounded,1899.1,alphaearth,2026-09-02T21:55:23.071182+00:00
025_019,34304,28160,crevasse,0.994514,1.0,core,0.0,1.0,grounded,1599.5,alphaearth,2026-09-02T21:55:23.071182+00:00
025_019,34304,30208,crevasse,0.996265,1.0,core,0.0,1.0,grounded,708.9,alphaearth,2026-09-02T21:55:23.071182+00:00
025_019,34304,30720,crevasse,0.42984,1.0,core,0.0,1.0,grounded,462.1,alphaearth,2026-09-02T21:55:23.071182+00:00
025_019,34304,31232,crevasse,0.418804,1.0,core,0.0,1.0,grounded,354.7,alphaearth,2026-09-02T21:55:23.071182+00:00
025_019,34304,33280,none,0.0,1.0,core,2.6,1.0,grounded,209.7,alphaearth,2026-09-02T21:55:23.071182+00:00
025_019,34304,34304,none,0.0,1.0,core,7.2,1.0,grounded,184.6,alphaearth,2026-09-02T21:55:23.071182+00:00
025_019,34304,34816,none,0.0,1.0,core,9.2,1.0,grounded,176.3,alphaearth,2026-09-02T21:55:23.071182+00:00
025_019,34304,35328,none,0.0,1.0,core,11.4,1.0,grounded,179.9,alphaearth,2026-09-02T21:55:23.071182+00:00
025_019,34304,35840,none,0.0,1.0,core,13.8,1.0,grounded,178.0,alphaearth,2026-09-02T21:55:23.071182+00:00
025_019,34304,36352,none,0.0,1.0,core,16.2,1.0,grounded,180.1,alphaearth,2026-09-02T21:55:23.071182+00:00
025_019,34816,23040,crevasse,0.316032,1.0,core,0.0,1.0,grounded,842.1,alphaearth,2026-09-02T21:55:23.071182+00:00
025_019,34816,29184,crevasse,0.993412,1.0,core,0.0,1.0,grounded,1443.5,alphaearth,2026-09-02T21:55:23.071182+00:00
025_019,34816,30208,crevasse,0.728447,1.0,core,0.0,1.0,grounded,590.6,alphaearth,2026-09-02T21:55:23.071182+00:00
025_019,34816,31232,crevasse,0.569107,1.0,core,0.0,1.0,grounded,313.1,alphaearth,2026-09-02T21:55:23.071182+00:00
025_019,34816,31744,crevasse,0.336388,1.0,core,0.0,1.0,grounded,254.8,alphaearth,2026-09-02T21:55:23.071182+00:00
025_019,34816,33792,none,0.0,1.0,core,3.6,1.0,grounded,116.1,alphaearth,2026-09-02T21:55:23.071182+00:00
025_019,34816,34304,none,0.0,1.0,core,5.7,1.0,grounded,86.4,alphaearth,2026-09-02T21:55:23.071182+00:00
025_019,34816,34816,none,0.0,1.0,core,8.1,1.0,grounded,68.3,alphaearth,2026-09-02T21:55:23.071182+00:00
025_019,34816,35328,none,0.0,1.0,core,10.6,1.0,grounded,64.2,alphaearth,2026-09-02T21:55:23.071182+00:00
025_019,34816,35840,none,0.0,1.0,core,13.1,1.0,grounded,62.4,alphaearth,2026-09-02T21:55:23.071182+00:00
025_019,34816,36352,none,0.0,1.0,core,15.6,1.0,grounded,60.6,alphaearth,2026-09-02T21:55:23.071182+00:00
025_019,35328,22016,crevasse,0.31369,1.0,core,0.0,1.0,grounded,74.8,alphaearth,2026-09-02T21:55:23.071182+00:00
025_019,35328,22528,crevasse,0.348812,1.0,core,0.0,1.0,grounded,267.1,alphaearth,2026-09-02T21:55:23.071182+00:00
025_019,35328,30208,crevasse,0.472443,1.0,core,0.0,1.0,grounded,524.2,alphaearth,2026-09-02T21:55:23.071182+00:00
025_019,35328,31744,crevasse,0.746964,1.0,core,0.0,1.0,grounded,228.0,alphaearth,2026-09-02T21:55:23.071182+00:00
025_019,35328,32256,crevasse,0.282993,1.0,core,0.0,1.0,grounded,168.1,alphaearth,2026-09-02T21:55:23.071182+00:00
025_019,35328,33792,none,0.0,1.0,core,2.6,1.0,grounded,29.8,alphaearth,2026-09-02T21:55:23.071182+00:00
025_019,35328,34304,none,0.0,1.0,core,5.1,1.0,grounded,18.4,alphaearth,2026-09-02T21:55:23.071182+00:00
025_019,35840,22528,crevasse,0.40287,1.0,core,0.0,1.0,grounded,178.4,alphaearth,2026-09-02T21:55:23.071182+00:00
025_019,35840,30208,crevasse,0.474503,1.0,core,0.0,1.0,grounded,443.1,alphaearth,2026-09-02T21:55:23.071182+00:00
025_019,35840,33792,none,0.0,1.0,core,3.6,1.0,grounded,14.7,alphaearth,2026-09-02T21:55:23.071182+00:00
025_019,36352,19968,none,0.0,1.0,core,5.1,1.0,grounded,13.5,alphaearth,2026-09-02T21:55:23.071182+00:00
025_019,36352,22528,crevasse,0.427963,1.0,core,0.0,1.0,grounded,142.9,alphaearth,2026-09-02T21:55:23.071182+00:00
025_019,36352,29696,crevasse,0.99218,1.0,core,0.0,1.0,grounded,933.8,alphaearth,2026-09-02T21:55:23.071182+00:00
025_019,36352,30208,crevasse,0.737831,1.0,core,0.0,1.0,grounded,356.1,alphaearth,2026-09-02T21:55:23.071182+00:00
025_019,36864,21504,crevasse,0.279308,1.0,core,0.0,1.0,grounded,22.0,alphaearth,2026-09-02T21:55:23.071182+00:00
025_019,36864,22016,crevasse,0.353954,1.0,core,0.0,1.0,grounded,30.0,alphaearth,2026-09-02T21:55:23.071182+00:00
025_019,36864,22528,crevasse,0.406197,1.0,core,0.0,1.0,grounded,133.8,alphaearth,2026-09-02T21:55:23.071182+00:00
025_019,36864,23040,crevasse,0.286892,1.0,core,0.0,1.0,grounded,398.2,alphaearth,2026-09-02T21:55:23.071182+00:00
025_019,36864,29696,crevasse,0.925987,1.0,core,0.0,1.0,grounded,868.0,alphaearth,2026-09-02T21:55:23.071182+00:00
025_019,36864,30208,crevasse,0.934875,1.0,core,0.0,1.0,grounded,302.8,alphaearth,2026-09-02T21:55:23.071182+00:00
025_019,37376,21504,crevasse,0.541763,1.0,core,0.0,1.0,grounded,24.2,alphaearth,2026-09-02T21:55:23.071182+00:00
025_019,37376,22016,crevasse,0.700455,1.0,core,0.0,1.0,grounded,33.6,alphaearth,2026-09-02T21:55:23.071182+00:00
025_019,37376,22528,crevasse,0.658352,1.0,core,0.0,1.0,grounded,173.3,alphaearth,2026-09-02T21:55:23.071182+00:00
025_019,37376,23040,crevasse,0.620403,1.0,core,0.0,1.0,grounded,404.8,alphaearth,2026-09-02T21:55:23.071182+00:00
025_019,37376,25088,crevasse,0.716831,1.0,core,0.0,1.0,grounded,1985.6,alphaearth,2026-09-02T21:55:23.071182+00:00
025_019,37376,30208,crevasse,0.986473,1.0,core,0.0,1.0,grounded,241.1,alphaearth,2026-09-02T21:55:23.071182+00:00
025_019,37376,30720,crevasse,0.415646,1.0,core,0.0,1.0,grounded,92.5,alphaearth,2026-09-02T21:55:23.071182+00:00
025_019,37888,20992,crevasse,0.314056,1.0,core,0.0,1.0,grounded,28.1,alphaearth,2026-09-02T21:55:23.071182+00:00
025_019,37888,21504,crevasse,0.432732,1.0,core,0.0,1.0,grounded,29.9,alphaearth,2026-09-02T21:55:23.071182+00:00
025_019,37888,22016,crevasse,0.697235,1.0,core,0.0,1.0,grounded,51.5,alphaearth,2026-09-02T21:55:23.071182+00:00
025_019,37888,22528,crevasse,0.776146,1.0,core,0.0,1.0,grounded,239.3,alphaearth,2026-09-02T21:55:23.071182+00:00
025_019,37888,23040,crevasse,0.833736,1.0,core,0.0,1.0,grounded,423.1,alphaearth,2026-09-02T21:55:23.071182+00:00
025_019,37888,30208,crevasse,0.957405,1.0,core,0.0,1.0,grounded,182.3,alphaearth,2026-09-02T21:55:23.071182+00:00
025_019,37888,30720,crevasse,0.655987,1.0,core,0.0,1.0,grounded,63.6,alphaearth,2026-09-02T21:55:23.071182+00:00
025_019,38400,20480,crevasse,0.402462,1.0,core,0.0,1.0,grounded,25.2,alphaearth,2026-09-02T21:55:23.071182+00:00
025_019,38400,21504,crevasse,0.509346,1.0,core,0.0,1.0,grounded,34.5,alphaearth,2026-09-02T21:55:23.071182+00:00
025_019,38400,22016,crevasse,0.686222,1.0,core,0.0,1.0,grounded,69.9,alphaearth,2026-09-02T21:55:23.071182+00:00
025_019,38400,22528,crevasse,0.55088,1.0,core,0.0,1.0,grounded,290.5,alphaearth,2026-09-02T21:55:23.071182+00:00
025_019,38400,23040,crevasse,0.71011,1.0,core,0.0,1.0,grounded,432.7,alphaearth,2026-09-02T21:55:23.071182+00:00
025_019,38400,23552,crevasse,0.891014,1.0,core,0.0,1.0,grounded,618.6,alphaearth,2026-09-02T21:55:23.071182+00:00
025_019,38400,24576,crevasse,0.944572,1.0,core,0.0,1.0,grounded,1558.4,alphaearth,2026-09-02T21:55:23.071182+00:00
025_019,38400,29696,crevasse,0.989986,1.0,core,0.0,1.0,grounded,672.8,alphaearth,2026-09-02T21:55:23.071182+00:00
025_019,38400,30208,crevasse,0.839897,1.0,core,0.0,1.0,grounded,136.4,alphaearth,2026-09-02T21:55:23.071182+00:00
025_019,38400,30720,crevasse,0.660694,1.0,core,0.0,1.0,grounded,51.5,alphaearth,2026-09-02T21:55:23.071182+00:00
025_019,38400,31232,crevasse,0.612957,1.0,core,0.0,1.0,grounded,31.5,alphaearth,2026-09-02T21:55:23.071182+00:00
025_019,38912,19968,crevasse,0.382786,1.0,core,0.0,1.0,grounded,23.4,alphaearth,2026-09-02T21:55:23.071182+00:00
025_019,38912,20480,crevasse,0.56118,1.0,core,0.0,1.0,grounded,23.7,alphaearth,2026-09-02T21:55:23.071182+00:00
025_019,38912,20992,crevasse,0.390789,1.0,core,0.0,1.0,grounded,30.4,alphaearth,2026-09-02T21:55:23.071182+00:00
025_019,38912,21504,crevasse,0.313816,1.0,core,0.0,1.0,grounded,37.5,alphaearth,2026-09-02T21:55:23.071182+00:00
025_019,38912,22016,crevasse,0.357456,1.0,core,0.0,1.0,grounded,96.7,alphaearth,2026-09-02T21:55:23.071182+00:00
025_019,38912,22528,crevasse,0.343334,1.0,core,0.0,1.0,grounded,314.7,alphaearth,2026-09-02T21:55:23.071182+00:00
025_019,38912,23040,crevasse,0.754349,1.0,core,0.0,1.0,grounded,445.8,alphaearth,2026-09-02T21:55:23.071182+00:00
025_019,38912,23552,crevasse,0.553028,1.0,core,0.0,1.0,grounded,628.7,alphaearth,2026-09-02T21:55:23.071182+00:00
025_019,38912,29696,crevasse,0.982059,1.0,core,0.0,1.0,grounded,627.5,alphaearth,2026-09-02T21:55:23.071182+00:00
025_019,38912,30208,crevasse,0.791283,1.0,core,0.0,1.0,grounded,107.8,alphaearth,2026-09-02T21:55:23.071182+00:00
025_019,38912,30720,crevasse,0.682991,1.0,core,0.0,1.0,grounded,39.3,alphaearth,2026-09-02T21:55:23.071182+00:00
025_019,38912,31232,crevasse,0.486324,1.0,core,0.0,1.0,grounded,25.6,alphaearth,2026-09-02T21:55:23.071182+00:00
025_019,39424,19456,crevasse,0.334549,1.0,core,0.0,1.0,grounded,24.5,alphaearth,2026-09-02T21:55:23.071182+00:00
025_019,39424,19968,crevasse,0.486462,1.0,core,0.0,1.0,grounded,31.8,alphaearth,2026-09-02T21:55:23.071182+00:00
025_019,39424,20480,crevasse,0.751205,1.0,core,0.0,1.0,grounded,38.7,alphaearth,2026-09-02T21:55:23.071182+00:00
025_019,39424,20992,crevasse,0.769024,1.0,core,0.0,1.0,grounded,46.5,alphaearth,2026-09-02T21:55:23.071182+00:00
025_019,39424,21504,crevasse,0.393604,1.0,core,0.0,1.0,grounded,60.9,alphaearth,2026-09-02T21:55:23.071182+00:00
025_019,39424,22016,crevasse,0.83205,1.0,core,0.0,1.0,grounded,155.7,alphaearth,2026-09-02T21:55:23.071182+00:00
025_019,39424,22528,crevasse,0.541889,1.0,core,0.0,1.0,grounded,339.7,alphaearth,2026-09-02T21:55:23.071182+00:00
025_019,39424,23040,crevasse,0.7621,1.0,core,0.0,1.0,grounded,473.2,alphaearth,2026-09-02T21:55:23.071182+00:00
025_019,39424,23552,crevasse,0.391438,1.0,core,0.0,1.0,grounded,664.1,alphaearth,2026-09-02T21:55:23.071182+00:00
025_019,39424,29696,crevasse,0.960629,1.0,core,0.0,1.0,grounded,640.6,alphaearth,2026-09-02T21:55:23.071182+00:00
025_019,39424,30208,crevasse,0.791069,1.0,core,0.0,1.0,grounded,86.0,alphaearth,2026-09-02T21:55:23.071182+00:00
025_019,39424,30720,crevasse,0.773716,1.0,core,0.0,1.0,grounded,37.4,alphaearth,2026-09-02T21:55:23.071182+00:00
025_019,39424,31232,crevasse,0.457378,1.0,core,0.0,1.0,grounded,25.3,alphaearth,2026-09-02T21:55:23.071182+00:00
025_019,39936,17920,none,0.0,1.0,core,5.1,1.0,grounded,12.2,alphaearth,2026-09-02T21:55:23.071182+00:00
025_019,39936,19456,crevasse,0.336269,1.0,core,0.0,1.0,grounded,25.2,alphaearth,2026-09-02T21:55:23.071182+00:00
025_019,39936,19968,crevasse,0.533379,1.0,core,0.0,1.0,grounded,34.3,alphaearth,2026-09-02T21:55:23.071182+00:00
025_019,39936,20992,crevasse,0.629429,1.0,core,0.0,1.0,grounded,78.6,alphaearth,2026-09-02T21:55:23.071182+00:00
025_019,39936,21504,crevasse,0.459064,1.0,core,0.0,1.0,grounded,95.8,alphaearth,2026-09-02T21:55:23.071182+00:00
025_019,39936,22016,crevasse,0.696815,1.0,core,0.0,1.0,grounded,228.4,alphaearth,2026-09-02T21:55:23.071182+00:00
025_019,39936,22528,crevasse,0.937553,1.0,core,0.0,1.0,grounded,389.4,alphaearth,2026-09-02T21:55:23.071182+00:00
025_019,39936,23040,crevasse,0.934029,1.0,core,0.0,1.0,grounded,524.7,alphaearth,2026-09-02T21:55:23.071182+00:00
025_019,39936,23552,crevasse,0.939137,1.0,core,0.0,1.0,grounded,721.2,alphaearth,2026-09-02T21:55:23.071182+00:00
025_019,39936,29696,crevasse,0.994102,1.0,core,0.0,1.0,grounded,714.8,alphaearth,2026-09-02T21:55:23.071182+00:00
025_019,39936,30208,crevasse,0.943275,1.0,core,0.0,1.0,grounded,82.8,alphaearth,2026-09-02T21:55:23.071182+00:00
025_019,39936,30720,crevasse,0.73119,1.0,core,0.0,1.0,grounded,36.7,alphaearth,2026-09-02T21:55:23.071182+00:00
025_019,40448,18944,none,0.0,1.0,core,2.6,1.0,grounded,12.3,alphaearth,2026-09-02T21:55:23.071182+00:00
025_019,40448,20480,crevasse,0.576481,1.0,core,0.0,1.0,grounded,32.2,alphaearth,2026-09-02T21:55:23.071182+00:00
025_019,40448,20992,crevasse,0.744686,1.0,core,0.0,1.0,grounded,92.3,alphaearth,2026-09-02T21:55:23.071182+00:00
025_019,40448,21504,crevasse,0.693272,1.0,core,0.0,1.0,grounded,165.4,alphaearth,2026-09-02T21:55:23.071182+00:00
025_019,40448,22016,crevasse,0.825504,1.0,core,0.0,1.0,grounded,294.3,alphaearth,2026-09-02T21:55:23.071182+00:00
025_019,40448,22528,crevasse,0.97073,1.0,core,0.0,1.0,grounded,432.2,alphaearth,2026-09-02T21:55:23.071182+00:00
025_019,40448,23040,crevasse,0.943977,1.0,core,0.0,1.0,grounded,583.4,alphaearth,2026-09-02T21:55:23.071182+00:00
025_019,40448,29696,crevasse,0.994293,1.0,core,0.0,1.0,grounded,535.8,alphaearth,2026-09-02T21:55:23.071182+00:00
025_019,40448,30208,crevasse,0.928463,1.0,core,0.0,1.0,grounded,69.7,alphaearth,2026-09-02T21:55:23.071182+00:00
025_019,40448,30720,crevasse,0.55072,1.0,core,0.0,1.0,grounded,40.6,alphaearth,2026-09-02T21:55:23.071182+00:00
025_019,40448,35328,none,0.0,1.0,core,3.6,1.0,grounded,36.0,alphaearth,2026-09-02T21:55:23.071182+00:00
025_019,40448,35840,none,0.0,1.0,core,5.7,1.0,grounded,38.0,alphaearth,2026-09-02T21:55:23.071182+00:00
025_019,40448,36352,none,0.0,1.0,core,7.2,1.0,grounded,39.5,alphaearth,2026-09-02T21:55:23.071182+00:00
025_019,40960,20480,crevasse,0.346291,1.0,core,0.0,1.0,grounded,22.3,alphaearth,2026-09-02T21:55:23.071182+00:00
025_019,40960,20992,crevasse,0.906509,1.0,core,0.0,1.0,grounded,86.0,alphaearth,2026-09-02T21:55:23.071182+00:00
025_019,40960,21504,crevasse,0.902664,1.0,core,0.0,1.0,grounded,219.3,alphaearth,2026-09-02T21:55:23.071182+00:00
025_019,40960,22016,crevasse,0.81218,1.0,core,0.0,1.0,grounded,335.9,alphaearth,2026-09-02T21:55:23.071182+00:00
025_019,40960,23040,crevasse,0.933697,1.0,core,0.0,1.0,grounded,658.3,alphaearth,2026-09-02T21:55:23.071182+00:00
025_019,40960,23552,crevasse,0.892963,1.0,core,0.0,1.0,grounded,947.4,alphaearth,2026-09-02T21:55:23.071182+00:00
025_019,40960,29696,crevasse,0.884335,1.0,core,0.0,1.0,grounded,339.0,alphaearth,2026-09-02T21:55:23.071182+00:00
025_019,40960,30208,crevasse,0.392681,1.0,core,0.0,1.0,grounded,74.9,alphaearth,2026-09-02T21:55:23.071182+00:00
025_019,40960,30720,crevasse,0.307209,1.0,core,0.0,1.0,grounded,63.6,alphaearth,2026-09-02T21:55:23.071182+00:00
025_019,40960,33280,none,0.0,1.0,core,2.6,1.0,grounded,63.1,alphaearth,2026-09-02T21:55:23.071182+00:00
025_019,40960,33792,none,0.0,1.0,core,2.6,1.0,grounded,63.2,alphaearth,2026-09-02T21:55:23.071182+00:00
025_019,40960,34304,none,0.0,1.0,core,2.6,1.0,grounded,66.0,alphaearth,2026-09-02T21:55:23.071182+00:00
025_019,40960,34816,none,0.0,1.0,core,3.6,1.0,grounded,63.9,alphaearth,2026-09-02T21:55:23.071182+00:00
025_019,40960,35328,none,0.0,1.0,core,5.7,1.0,grounded,66.6,alphaearth,2026-09-02T21:55:23.071182+00:00
025_019,40960,35840,none,0.0,1.0,core,7.2,1.0,grounded,73.5,alphaearth,2026-09-02T21:55:23.071182+00:00
025_019,40960,36352,none,0.0,1.0,core,9.2,1.0,grounded,83.5,alphaearth,2026-09-02T21:55:23.071182+00:00
025_019,41472,18432,crevasse,0.395,1.0,core,0.0,1.0,grounded,21.6,alphaearth,2026-09-02T21:55:23.071182+00:00
025_019,41472,19968,crevasse,0.592323,1.0,core,0.0,1.0,grounded,23.0,alphaearth,2026-09-02T21:55:23.071182+00:00
025_019,41472,20480,crevasse,0.653046,1.0,core,0.0,1.0,grounded,27.2,alphaearth,2026-09-02T21:55:23.071182+00:00
025_019,41472,20992,crevasse,0.899807,1.0,core,0.0,1.0,grounded,80.9,alphaearth,2026-09-02T21:55:23.071182+00:00
025_019,41472,21504,crevasse,0.956078,1.0,core,0.0,1.0,grounded,255.3,alphaearth,2026-09-02T21:55:23.071182+00:00
025_019,41472,22016,crevasse,0.982731,1.0,core,0.0,1.0,grounded,380.2,alphaearth,2026-09-02T21:55:23.071182+00:00
025_019,41472,22528,crevasse,0.995583,1.0,core,0.0,1.0,grounded,531.0,alphaearth,2026-09-02T21:55:23.071182+00:00
025_019,41472,23040,crevasse,0.973743,1.0,core,0.0,1.0,grounded,757.0,alphaearth,2026-09-02T21:55:23.071182+00:00
025_019,41472,29696,crevasse,0.81461,1.0,core,0.0,1.0,grounded,270.7,alphaearth,2026-09-02T21:55:23.071182+00:00
025_019,41472,30208,crevasse,0.283245,1.0,core,0.0,1.0,grounded,111.1,alphaearth,2026-09-02T21:55:23.071182+00:00
025_019,41472,32768,none,0.0,1.0,core,2.6,1.0,grounded,123.5,alphaearth,2026-09-02T21:55:23.071182+00:00
025_019,41472,33280,none,0.0,1.0,core,3.6,1.0,grounded,132.8,alphaearth,2026-09-02T21:55:23.071182+00:00
025_019,41472,33792,none,0.0,1.0,core,5.1,1.0,grounded,145.8,alphaearth,2026-09-02T21:55:23.071182+00:00
025_019,41472,34304,none,0.0,1.0,core,5.1,1.0,grounded,161.2,alphaearth,2026-09-02T21:55:23.071182+00:00
025_019,41472,34816,none,0.0,1.0,core,5.7,1.0,grounded,153.7,alphaearth,2026-09-02T21:55:23.071182+00:00
025_019,41472,35840,none,0.0,1.0,core,9.2,1.0,grounded,171.0,alphaearth,2026-09-02T21:55:23.071182+00:00
025_019,41472,36352,none,0.0,1.0,core,10.9,1.0,grounded,187.4,alphaearth,2026-09-02T21:55:23.071182+00:00
025_019,41984,17920,crevasse,0.443832,1.0,core,0.0,1.0,grounded,23.0,alphaearth,2026-09-02T21:55:23.071182+00:00
025_019,41984,19456,crevasse,0.438038,1.0,core,0.0,1.0,grounded,36.9,alphaearth,2026-09-02T21:55:23.071182+00:00
025_019,41984,19968,crevasse,0.841957,1.0,core,0.0,1.0,grounded,38.4,alphaearth,2026-09-02T21:55:23.071182+00:00
025_019,41984,20480,crevasse,0.904236,1.0,core,0.0,1.0,grounded,33.8,alphaearth,2026-09-02T21:55:23.071182+00:00
025_019,41984,21504,crevasse,0.973278,1.0,core,0.0,1.0,grounded,273.7,alphaearth,2026-09-02T21:55:23.071182+00:00
025_019,41984,22016,crevasse,0.943634,1.0,core,0.0,1.0,grounded,392.9,alphaearth,2026-09-02T21:55:23.071182+00:00
025_019,41984,22528,crevasse,0.98217,1.0,core,0.0,1.0,grounded,580.7,alphaearth,2026-09-02T21:55:23.071182+00:00
025_019,41984,23040,crevasse,0.959774,1.0,core,0.0,1.0,grounded,852.5,alphaearth,2026-09-02T21:55:23.071182+00:00
025_019,41984,29696,crevasse,0.979435,1.0,core,0.0,1.0,grounded,241.7,alphaearth,2026-09-02T21:55:23.071182+00:00
025_019,41984,30208,crevasse,0.835201,1.0,core,0.0,1.0,grounded,157.4,alphaearth,2026-09-02T21:55:23.071182+00:00
025_019,41984,30720,crevasse,0.415874,1.0,core,0.0,1.0,grounded,167.0,alphaearth,2026-09-02T21:55:23.071182+00:00
025_019,41984,31232,crevasse,0.259388,1.0,core,0.0,1.0,grounded,174.7,alphaearth,2026-09-02T21:55:23.071182+00:00
025_019,41984,32768,none,0.0,1.0,core,2.6,1.0,grounded,246.1,alphaearth,2026-09-02T21:55:23.071182+00:00
025_019,41984,34304,none,0.0,1.0,core,5.7,1.0,grounded,272.9,alphaearth,2026-09-02T21:55:23.071182+00:00
025_019,41984,35328,none,0.0,1.0,core,9.2,1.0,grounded,259.1,alphaearth,2026-09-02T21:55:23.071182+00:00
025_019,41984,36352,none,0.0,1.0,core,12.8,1.0,grounded,257.2,alphaearth,2026-09-02T21:55:23.071182+00:00
025_019,42496,17920,crevasse,0.291225,1.0,core,0.0,1.0,grounded,22.0,alphaearth,2026-09-02T21:55:23.071182+00:00
025_019,42496,19456,crevasse,0.400326,1.0,core,0.0,1.0,grounded,48.4,alphaearth,2026-09-02T21:55:23.071182+00:00
025_019,42496,19968,crevasse,0.591461,1.0,core,0.0,1.0,grounded,47.5,alphaearth,2026-09-02T21:55:23.071182+00:00
025_019,42496,20480,crevasse,0.698715,1.0,core,0.0,1.0,grounded,44.6,alphaearth,2026-09-02T21:55:23.071182+00:00
025_019,42496,20992,crevasse,0.820885,1.0,core,0.0,1.0,grounded,89.5,alphaearth,2026-09-02T21:55:23.071182+00:00
025_019,42496,21504,crevasse,0.99194,1.0,core,0.0,1.0,grounded,284.1,alphaearth,2026-09-02T21:55:23.071182+00:00
025_019,42496,22016,crevasse,0.907951,1.0,core,0.0,1.0,grounded,425.0,alphaearth,2026-09-02T21:55:23.071182+00:00
025_019,42496,22528,crevasse,0.974251,1.0,core,0.0,1.0,grounded,655.1,alphaearth,2026-09-02T21:55:23.071182+00:00
025_019,42496,29696,crevasse,0.969379,1.0,core,0.0,1.0,grounded,280.0,alphaearth,2026-09-02T21:55:23.071182+00:00
025_019,42496,30208,crevasse,0.99527,1.0,core,0.0,1.0,grounded,321.0,alphaearth,2026-09-02T21:55:23.071182+00:00
025_019,42496,30720,crevasse,0.821869,1.0,core,0.0,1.0,grounded,326.7,alphaearth,2026-09-02T21:55:23.071182+00:00
025_019,42496,31232,crevasse,0.36578,1.0,core,0.0,1.0,grounded,305.0,alphaearth,2026-09-02T21:55:23.071182+00:00
025_019,42496,33280,none,0.0,1.0,core,2.6,1.0,grounded,299.9,alphaearth,2026-09-02T21:55:23.071182+00:00
025_019,42496,33792,none,0.0,1.0,core,2.6,1.0,grounded,297.2,alphaearth,2026-09-02T21:55:23.071182+00:00
025_019,42496,34304,none,0.0,1.0,core,3.6,1.0,grounded,293.1,alphaearth,2026-09-02T21:55:23.071182+00:00
025_019,42496,34816,none,0.0,1.0,core,5.7,1.0,grounded,284.5,alphaearth,2026-09-02T21:55:23.071182+00:00
025_019,42496,35328,none,0.0,1.0,core,8.1,1.0,grounded,278.4,alphaearth,2026-09-02T21:55:23.071182+00:00
025_019,42496,35840,none,0.0,1.0,core,10.6,1.0,grounded,278.9,alphaearth,2026-09-02T21:55:23.071182+00:00
025_019,42496,36352,none,0.0,1.0,core,13.1,1.0,grounded,270.5,alphaearth,2026-09-02T21:55:23.071182+00:00
025_019,43008,18944,crevasse,0.513123,1.0,core,0.0,1.0,grounded,46.2,alphaearth,2026-09-02T21:55:23.071182+00:00
025_019,43008,19456,crevasse,0.580322,1.0,core,0.0,1.0,grounded,55.0,alphaearth,2026-09-02T21:55:23.071182+00:00
025_019,43008,20480,crevasse,0.740162,1.0,core,0.0,1.0,grounded,56.6,alphaearth,2026-09-02T21:55:23.071182+00:00
025_019,43008,20992,crevasse,0.786701,1.0,core,0.0,1.0,grounded,88.8,alphaearth,2026-09-02T21:55:23.071182+00:00
025_019,43008,21504,crevasse,0.989346,1.0,core,0.0,1.0,grounded,295.9,alphaearth,2026-09-02T21:55:23.071182+00:00
025_019,43008,22016,crevasse,0.99749,1.0,core,0.0,1.0,grounded,528.5,alphaearth,2026-09-02T21:55:23.071182+00:00
025_019,43008,29696,crevasse,0.88715,1.0,core,0.0,1.0,grounded,429.3,alphaearth,2026-09-02T21:55:23.071182+00:00
025_019,43008,30208,crevasse,0.989082,1.0,core,0.0,1.0,grounded,434.2,alphaearth,2026-09-02T21:55:23.071182+00:00
025_019,43008,30720,crevasse,0.877995,1.0,core,0.0,1.0,grounded,403.0,alphaearth,2026-09-02T21:55:23.071182+00:00
025_019,43008,31232,crevasse,0.538208,1.0,core,0.0,1.0,grounded,359.0,alphaearth,2026-09-02T21:55:23.071182+00:00
025_019,43008,34304,none,0.0,1.0,core,2.6,1.0,grounded,288.0,alphaearth,2026-09-02T21:55:23.071182+00:00
025_019,43008,34816,none,0.0,1.0,core,5.1,1.0,grounded,283.3,alphaearth,2026-09-02T21:55:23.071182+00:00
025_019,43008,35328,none,0.0,1.0,core,7.7,1.0,grounded,282.2,alphaearth,2026-09-02T21:55:23.071182+00:00
025_019,43008,35840,none,0.0,1.0,core,10.2,1.0,grounded,278.1,alphaearth,2026-09-02T21:55:23.071182+00:00
025_019,43520,18944,crevasse,0.312927,1.0,core,0.0,1.0,grounded,32.3,alphaearth,2026-09-02T21:55:23.071182+00:00
025_019,43520,19456,crevasse,0.412418,1.0,core,0.0,1.0,grounded,49.8,alphaearth,2026-09-02T21:55:23.071182+00:00
025_019,43520,19968,crevasse,0.498291,1.0,core,0.0,1.0,grounded,54.6,alphaearth,2026-09-02T21:55:23.071182+00:00
025_019,43520,20480,crevasse,0.762505,1.0,core,0.0,1.0,grounded,70.7,alphaearth,2026-09-02T21:55:23.071182+00:00
025_019,43520,20992,crevasse,0.885052,1.0,core,0.0,1.0,grounded,117.7,alphaearth,2026-09-02T21:55:23.071182+00:00
025_019,43520,21504,crevasse,0.994732,1.0,core,0.0,1.0,grounded,264.7,alphaearth,2026-09-02T21:55:23.071182+00:00
025_019,43520,22016,crevasse,0.994835,1.0,core,0.0,1.0,grounded,574.8,alphaearth,2026-09-02T21:55:23.071182+00:00
025_019,43520,22528,crevasse,0.999855,1.0,core,0.0,1.0,grounded,897.8,alphaearth,2026-09-02T21:55:23.071182+00:00
025_019,43520,29184,crevasse,0.981316,1.0,core,0.0,1.0,grounded,591.9,alphaearth,2026-09-02T21:55:23.071182+00:00
025_019,43520,29696,crevasse,0.526386,1.0,core,0.0,1.0,grounded,461.6,alphaearth,2026-09-02T21:55:23.071182+00:00
025_019,43520,30208,crevasse,0.828087,1.0,core,0.0,1.0,grounded,436.1,alphaearth,2026-09-02T21:55:23.071182+00:00
025_019,43520,30720,crevasse,0.963581,1.0,core,0.0,1.0,grounded,429.4,alphaearth,2026-09-02T21:55:23.071182+00:00
025_019,43520,31232,crevasse,0.373978,1.0,core,0.0,1.0,grounded,390.4,alphaearth,2026-09-02T21:55:23.071182+00:00
025_019,43520,32256,none,0.0,1.0,core,2.6,1.0,grounded,357.0,alphaearth,2026-09-02T21:55:23.071182+00:00
025_019,43520,34304,none,0.0,1.0,core,2.6,1.0,grounded,281.7,alphaearth,2026-09-02T21:55:23.071182+00:00
025_019,43520,34816,none,0.0,1.0,core,5.1,1.0,grounded,279.7,alphaearth,2026-09-02T21:55:23.071182+00:00
025_019,43520,35328,none,0.0,1.0,core,7.7,1.0,grounded,278.2,alphaearth,2026-09-02T21:55:23.071182+00:00
025_019,43520,36352,none,0.0,1.0,core,12.8,1.0,grounded,272.5,alphaearth,2026-09-02T21:55:23.071182+00:00
025_019,44032,19456,crevasse,0.313141,1.0,core,0.0,1.0,grounded,23.8,alphaearth,2026-09-02T21:55:23.071182+00:00
025_019,44032,19968,crevasse,0.642712,1.0,core,0.0,1.0,grounded,47.4,alphaearth,2026-09-02T21:55:23.071182+00:00
025_019,44032,20992,crevasse,0.969193,1.0,core,0.0,1.0,grounded,119.5,alphaearth,2026-09-02T21:55:23.071182+00:00
025_019,44032,21504,crevasse,0.997417,1.0,core,0.0,1.0,grounded,226.0,alphaearth,2026-09-02T21:55:23.071182+00:00
025_019,44032,22016,crevasse,0.998375,1.0,core,0.0,1.0,grounded,560.4,alphaearth,2026-09-02T21:55:23.071182+00:00
025_019,44032,28672,crevasse,0.999985,1.0,core,0.0,1.0,grounded,1094.4,alphaearth,2026-09-02T21:55:23.071182+00:00
025_019,44032,29696,crevasse,0.613186,1.0,core,0.0,1.0,grounded,443.5,alphaearth,2026-09-02T21:55:23.071182+00:00
025_019,44032,30208,crevasse,0.448986,1.0,core,0.0,1.0,grounded,426.4,alphaearth,2026-09-02T21:55:23.071182+00:00
025_019,44032,30720,crevasse,0.270443,1.0,core,0.0,1.0,grounded,422.0,alphaearth,2026-09-02T21:55:23.071182+00:00
025_019,44032,32256,none,0.0,1.0,core,2.6,1.0,grounded,368.8,alphaearth,2026-09-02T21:55:23.071182+00:00
025_019,44032,32768,none,0.0,1.0,core,2.6,1.0,grounded,347.0,alphaearth,2026-09-02T21:55:23.071182+00:00
025_019,44032,34304,none,0.0,1.0,core,2.6,1.0,grounded,277.1,alphaearth,2026-09-02T21:55:23.071182+00:00
025_019,44032,34816,none,0.0,1.0,core,5.1,1.0,grounded,270.2,alphaearth,2026-09-02T21:55:23.071182+00:00
025_019,44032,35328,none,0.0,1.0,core,7.7,1.0,grounded,268.5,alphaearth,2026-09-02T21:55:23.071182+00:00
025_019,44032,35840,none,0.0,1.0,core,10.2,1.0,grounded,266.4,alphaearth,2026-09-02T21:55:23.071182+00:00
025_019,44544,19968,crevasse,0.556965,1.0,core,0.0,1.0,grounded,34.4,alphaearth,2026-09-02T21:55:23.071182+00:00
025_019,44544,20480,crevasse,0.698566,1.0,core,0.0,1.0,grounded,65.0,alphaearth,2026-09-02T21:55:23.071182+00:00
025_019,44544,20992,crevasse,0.981079,1.0,core,0.0,1.0,grounded,106.4,alphaearth,2026-09-02T21:55:23.071182+00:00
025_019,44544,21504,crevasse,0.999821,1.0,core,0.0,1.0,grounded,218.2,alphaearth,2026-09-02T21:55:23.071182+00:00
025_019,44544,22016,crevasse,0.999973,1.0,core,0.0,1.0,grounded,595.3,alphaearth,2026-09-02T21:55:23.071182+00:00
025_019,44544,29696,crevasse,0.844666,1.0,core,0.0,1.0,grounded,448.3,alphaearth,2026-09-02T21:55:23.071182+00:00
025_019,44544,31744,none,0.0,1.0,core,2.6,1.0,grounded,374.4,alphaearth,2026-09-02T21:55:23.071182+00:00
025_019,44544,32768,none,0.0,1.0,core,2.6,1.0,grounded,330.4,alphaearth,2026-09-02T21:55:23.071182+00:00
025_019,44544,33280,none,0.0,1.0,core,2.6,1.0,grounded,313.8,alphaearth,2026-09-02T21:55:23.071182+00:00
025_019,44544,33792,none,0.0,1.0,core,2.6,1.0,grounded,301.2,alphaearth,2026-09-02T21:55:23.071182+00:00
025_019,44544,35328,none,0.0,1.0,core,8.1,1.0,grounded,263.7,alphaearth,2026-09-02T21:55:23.071182+00:00
025_019,44544,35840,none,0.0,1.0,core,10.6,1.0,grounded,262.3,alphaearth,2026-09-02T21:55:23.071182+00:00
025_019,44544,36352,none,0.0,1.0,core,13.1,1.0,grounded,258.6,alphaearth,2026-09-02T21:55:23.071182+00:00
025_019,45056,19968,crevasse,0.445984,1.0,core,0.0,1.0,grounded,22.3,alphaearth,2026-09-02T21:55:23.071182+00:00
025_019,45056,20480,crevasse,0.956203,1.0,core,0.0,1.0,grounded,46.2,alphaearth,2026-09-02T21:55:23.071182+00:00
025_019,45056,20992,crevasse,0.994122,1.0,core,0.0,1.0,grounded,107.1,alphaearth,2026-09-02T21:55:23.071182+00:00
025_019,45056,21504,crevasse,0.999973,1.0,core,0.0,1.0,grounded,302.9,alphaearth,2026-09-02T21:55:23.071182+00:00
025_019,45056,22016,crevasse,0.999985,1.0,core,0.0,1.0,grounded,712.3,alphaearth,2026-09-02T21:55:23.071182+00:00
025_019,45056,28672,crevasse,1.0,1.0,core,0.0,1.0,grounded,731.9,alphaearth,2026-09-02T21:55:23.071182+00:00
025_019,45056,29184,crevasse,0.999813,1.0,core,0.0,1.0,grounded,560.5,alphaearth,2026-09-02T21:55:23.071182+00:00
025_019,45056,29696,crevasse,0.999989,1.0,core,0.0,1.0,grounded,479.9,alphaearth,2026-09-02T21:55:23.071182+00:00
025_019,45056,30208,crevasse,0.754997,1.0,core,0.0,1.0,grounded,384.8,alphaearth,2026-09-02T21:55:23.071182+00:00
025_019,45056,32768,none,0.0,1.0,core,2.6,1.0,grounded,306.2,alphaearth,2026-09-02T21:55:23.071182+00:00
025_019,45056,34816,none,0.0,1.0,core,7.2,1.0,grounded,271.7,alphaearth,2026-09-02T21:55:23.071182+00:00
025_019,45056,35328,none,0.0,1.0,core,9.2,1.0,grounded,259.1,alphaearth,2026-09-02T21:55:23.071182+00:00
025_019,45056,35840,none,0.0,1.0,core,11.4,1.0,grounded,251.8,alphaearth,2026-09-02T21:55:23.071182+00:00
025_019,45568,20480,crevasse,0.935387,1.0,core,0.0,1.0,grounded,35.4,alphaearth,2026-09-02T21:55:23.071182+00:00
025_019,45568,20992,crevasse,0.998711,1.0,core,0.0,1.0,grounded,77.7,alphaearth,2026-09-02T21:55:23.071182+00:00
025_019,45568,21504,crevasse,0.999996,1.0,core,0.0,1.0,grounded,380.1,alphaearth,2026-09-02T21:55:23.071182+00:00
025_019,45568,22016,crevasse,1.0,1.0,core,0.0,1.0,grounded,878.6,alphaearth,2026-09-02T21:55:23.071182+00:00
025_019,45568,28672,crevasse,0.999882,1.0,core,0.0,1.0,grounded,611.4,alphaearth,2026-09-02T21:55:23.071182+00:00
025_019,45568,29696,crevasse,0.999851,1.0,core,0.0,1.0,grounded,497.2,alphaearth,2026-09-02T21:55:23.071182+00:00
025_019,45568,30208,crevasse,0.841213,1.0,core,0.0,1.0,grounded,406.8,alphaearth,2026-09-02T21:55:23.071182+00:00
025_019,45568,33792,none,0.0,1.0,core,2.6,1.0,grounded,249.8,alphaearth,2026-09-02T21:55:23.071182+00:00
025_019,45568,34304,none,0.0,1.0,core,5.1,1.0,grounded,248.9,alphaearth,2026-09-02T21:55:23.071182+00:00
025_019,45568,34816,none,0.0,1.0,core,7.7,1.0,grounded,244.8,alphaearth,2026-09-02T21:55:23.071182+00:00
025_019,45568,35328,none,0.0,1.0,core,10.2,1.0,grounded,237.1,alphaearth,2026-09-02T21:55:23.071182+00:00
025_019,45568,35840,none,0.0,1.0,core,12.8,1.0,grounded,230.3,alphaearth,2026-09-02T21:55:23.071182+00:00
025_019,45568,36352,none,0.0,1.0,core,14.9,1.0,grounded,226.4,alphaearth,2026-09-02T21:55:23.071182+00:00
025_019,46080,20480,crevasse,0.796268,1.0,core,0.0,1.0,grounded,26.2,alphaearth,2026-09-02T21:55:23.071182+00:00
025_019,46080,20992,crevasse,0.992123,1.0,core,0.0,1.0,grounded,54.6,alphaearth,2026-09-02T21:55:23.071182+00:00
025_019,46080,21504,crevasse,0.999996,1.0,core,0.0,1.0,grounded,403.1,alphaearth,2026-09-02T21:55:23.071182+00:00
025_019,46080,28160,crevasse,0.999981,1.0,core,0.0,1.0,grounded,837.9,alphaearth,2026-09-02T21:55:23.071182+00:00
025_019,46080,29696,crevasse,0.999943,1.0,core,0.0,1.0,grounded,487.8,alphaearth,2026-09-02T21:55:23.071182+00:00
025_019,46080,30208,crevasse,0.999889,1.0,core,0.0,1.0,grounded,449.0,alphaearth,2026-09-02T21:55:23.071182+00:00
025_019,46080,30720,crevasse,0.571323,1.0,core,0.0,1.0,grounded,333.7,alphaearth,2026-09-02T21:55:23.071182+00:00
025_019,46080,34304,none,0.0,1.0,core,5.1,1.0,grounded,208.9,alphaearth,2026-09-02T21:55:23.071182+00:00
025_019,46080,34816,none,0.0,1.0,core,7.7,1.0,grounded,204.2,alphaearth,2026-09-02T21:55:23.071182+00:00
025_019,46080,35328,none,0.0,1.0,core,10.2,1.0,grounded,197.1,alphaearth,2026-09-02T21:55:23.071182+00:00
025_019,46592,18432,crevasse,0.357922,1.0,core,0.0,1.0,grounded,22.0,alphaearth,2026-09-02T21:55:23.071182+00:00
025_019,46592,20992,crevasse,0.989536,1.0,core,0.0,1.0,grounded,42.1,alphaearth,2026-09-02T21:55:23.071182+00:00
025_019,46592,21504,crevasse,0.999977,1.0,core,0.0,1.0,grounded,414.7,alphaearth,2026-09-02T21:55:23.071182+00:00
025_019,46592,28160,crevasse,0.999958,1.0,core,0.0,1.0,grounded,673.9,alphaearth,2026-09-02T21:55:23.071182+00:00
025_019,46592,28672,crevasse,0.9995,1.0,core,0.0,1.0,grounded,535.5,alphaearth,2026-09-02T21:55:23.071182+00:00
025_019,46592,29696,crevasse,0.99947,1.0,core,0.0,1.0,grounded,445.9,alphaearth,2026-09-02T21:55:23.071182+00:00
025_019,46592,30208,crevasse,0.998764,1.0,core,0.0,1.0,grounded,421.3,alphaearth,2026-09-02T21:55:23.071182+00:00
025_019,46592,30720,crevasse,0.999557,1.0,core,0.0,1.0,grounded,370.1,alphaearth,2026-09-02T21:55:23.071182+00:00
025_019,46592,31232,crevasse,0.692616,1.0,core,0.0,1.0,grounded,271.3,alphaearth,2026-09-02T21:55:23.071182+00:00
025_019,46592,33792,none,0.0,1.0,core,2.6,1.0,grounded,141.0,alphaearth,2026-09-02T21:55:23.071182+00:00
025_019,46592,34304,none,0.0,1.0,core,5.1,1.0,grounded,152.2,alphaearth,2026-09-02T21:55:23.071182+00:00
025_019,46592,34816,none,0.0,1.0,core,7.7,1.0,grounded,154.4,alphaearth,2026-09-02T21:55:23.071182+00:00
025_019,46592,35328,none,0.0,1.0,core,10.2,1.0,grounded,144.9,alphaearth,2026-09-02T21:55:23.071182+00:00
025_019,46592,35840,none,0.0,1.0,core,12.8,1.0,grounded,139.7,alphaearth,2026-09-02T21:55:23.071182+00:00
025_019,46592,36352,none,0.0,1.0,core,15.4,1.0,grounded,131.8,alphaearth,2026-09-02T21:55:23.071182+00:00
025_019,47104,17408,crevasse,0.276814,1.0,core,0.0,1.0,grounded,42.6,alphaearth,2026-09-02T21:55:23.071182+00:00
025_019,47104,17920,crevasse,0.44968,1.0,core,0.0,1.0,grounded,46.6,alphaearth,2026-09-02T21:55:23.071182+00:00
025_019,47104,18432,crevasse,0.332748,1.0,core,0.0,1.0,grounded,29.8,alphaearth,2026-09-02T21:55:23.071182+00:00
025_019,47104,18944,crevasse,0.288464,1.0,core,0.0,1.0,grounded,20.6,alphaearth,2026-09-02T21:55:23.071182+00:00
025_019,47104,19456,crevasse,0.798145,1.0,core,0.0,1.0,grounded,24.4,alphaearth,2026-09-02T21:55:23.071182+00:00
025_019,47104,19968,crevasse,0.32526,1.0,core,0.0,1.0,grounded,17.8,alphaearth,2026-09-02T21:55:23.071182+00:00
025_019,47104,20992,crevasse,0.874512,1.0,core,0.0,1.0,grounded,36.2,alphaearth,2026-09-02T21:55:23.071182+00:00
025_019,47104,28160,crevasse,0.993652,1.0,core,0.0,1.0,grounded,628.5,alphaearth,2026-09-02T21:55:23.071182+00:00
025_019,47104,28672,crevasse,0.986649,1.0,core,0.0,1.0,grounded,486.4,alphaearth,2026-09-02T21:55:23.071182+00:00
025_019,47104,29184,crevasse,0.992733,1.0,core,0.0,1.0,grounded,439.4,alphaearth,2026-09-02T21:55:23.071182+00:00
025_019,47104,29696,crevasse,0.998848,1.0,core,0.0,1.0,grounded,413.4,alphaearth,2026-09-02T21:55:23.071182+00:00
025_019,47104,30208,crevasse,0.995079,1.0,core,0.0,1.0,grounded,385.0,alphaearth,2026-09-02T21:55:23.071182+00:00
025_019,47104,30720,crevasse,0.998322,1.0,core,0.0,1.0,grounded,318.0,alphaearth,2026-09-02T21:55:23.071182+00:00
025_019,47104,31232,crevasse,0.992413,1.0,core,0.0,1.0,grounded,230.5,alphaearth,2026-09-02T21:55:23.071182+00:00
025_019,47104,31744,crevasse,0.293446,1.0,core,0.0,1.0,grounded,144.1,alphaearth,2026-09-02T21:55:23.071182+00:00
025_019,47104,33280,none,0.0,1.0,core,2.6,1.0,grounded,93.8,alphaearth,2026-09-02T21:55:23.071182+00:00
025_019,47104,33792,none,0.0,1.0,core,3.6,1.0,grounded,81.4,alphaearth,2026-09-02T21:55:23.071182+00:00
025_019,47104,34304,none,0.0,1.0,core,5.7,1.0,grounded,83.1,alphaearth,2026-09-02T21:55:23.071182+00:00
025_019,47104,34816,none,0.0,1.0,core,8.1,1.0,grounded,81.1,alphaearth,2026-09-02T21:55:23.071182+00:00
025_019,47104,35328,none,0.0,1.0,core,10.6,1.0,grounded,79.2,alphaearth,2026-09-02T21:55:23.071182+00:00
025_019,47104,35840,none,0.0,1.0,core,13.1,1.0,grounded,76.5,alphaearth,2026-09-02T21:55:23.071182+00:00
025_019,47104,36352,none,0.0,1.0,core,15.6,1.0,grounded,72.8,alphaearth,2026-09-02T21:55:23.071182+00:00
025_019,47616,17408,crevasse,0.258656,1.0,core,0.0,1.0,grounded,36.9,alphaearth,2026-09-02T21:55:23.071182+00:00
025_019,47616,17920,crevasse,0.897846,1.0,core,0.0,1.0,grounded,71.3,alphaearth,2026-09-02T21:55:23.071182+00:00
025_019,47616,18432,crevasse,0.72401,1.0,core,0.0,1.0,grounded,48.5,alphaearth,2026-09-02T21:55:23.071182+00:00
025_019,47616,18944,crevasse,0.480049,1.0,core,0.0,1.0,grounded,27.9,alphaearth,2026-09-02T21:55:23.071182+00:00
025_019,47616,19456,crevasse,0.815598,1.0,core,0.0,1.0,grounded,38.5,alphaearth,2026-09-02T21:55:23.071182+00:00
025_019,47616,19968,crevasse,0.929752,1.0,core,0.0,1.0,grounded,34.6,alphaearth,2026-09-02T21:55:23.071182+00:00
025_019,47616,20992,crevasse,0.861889,1.0,core,0.0,1.0,grounded,48.3,alphaearth,2026-09-02T21:55:23.071182+00:00
025_019,47616,27648,crevasse,0.998718,1.0,core,0.0,1.0,grounded,851.4,alphaearth,2026-09-02T21:55:23.071182+00:00
025_019,47616,28672,crevasse,0.974068,1.0,core,0.0,1.0,grounded,411.1,alphaearth,2026-09-02T21:55:23.071182+00:00
025_019,47616,29184,crevasse,0.998333,1.0,core,0.0,1.0,grounded,382.6,alphaearth,2026-09-02T21:55:23.071182+00:00
025_019,47616,29696,crevasse,0.9935,1.0,core,0.0,1.0,grounded,359.1,alphaearth,2026-09-02T21:55:23.071182+00:00
025_019,47616,30208,crevasse,0.998062,1.0,core,0.0,1.0,grounded,271.3,alphaearth,2026-09-02T21:55:23.071182+00:00
025_019,47616,30720,crevasse,0.984829,1.0,core,0.0,1.0,grounded,184.7,alphaearth,2026-09-02T21:55:23.071182+00:00
025_019,47616,31232,crevasse,0.843204,1.0,core,0.0,1.0,grounded,127.5,alphaearth,2026-09-02T21:55:23.071182+00:00
025_019,47616,33280,none,0.0,1.0,core,2.6,1.0,grounded,55.1,alphaearth,2026-09-02T21:55:23.071182+00:00
025_019,47616,34304,none,0.0,1.0,core,5.7,1.0,grounded,49.4,alphaearth,2026-09-02T21:55:23.071182+00:00
025_019,47616,35840,none,0.0,1.0,core,13.1,1.0,grounded,53.6,alphaearth,2026-09-02T21:55:23.071182+00:00
025_019,47616,36352,none,0.0,1.0,core,15.6,1.0,grounded,50.9,alphaearth,2026-09-02T21:55:23.071182+00:00
025_019,48128,17920,crevasse,0.54121,1.0,core,0.0,1.0,grounded,82.7,alphaearth,2026-09-02T21:55:23.071182+00:00
025_019,48128,18432,crevasse,0.957962,1.0,core,0.0,1.0,grounded,104.4,alphaearth,2026-09-02T21:55:23.071182+00:00
025_019,48128,19456,crevasse,0.989868,1.0,core,0.0,1.0,grounded,69.9,alphaearth,2026-09-02T21:55:23.071182+00:00
025_019,48128,19968,crevasse,0.836864,1.0,core,0.0,1.0,grounded,66.1,alphaearth,2026-09-02T21:55:23.071182+00:00
025_019,48128,20480,crevasse,0.915379,1.0,core,0.0,1.0,grounded,30.0,alphaearth,2026-09-02T21:55:23.071182+00:00
025_019,48128,20992,crevasse,0.507957,1.0,core,0.0,0.562,grounded,402.9,alphaearth,2026-09-02T21:55:23.071182+00:00
025_019,48128,28160,crevasse,0.973743,1.0,core,0.0,1.0,grounded,389.5,alphaearth,2026-09-02T21:55:23.071182+00:00
025_019,48128,28672,crevasse,0.99736,1.0,core,0.0,1.0,grounded,311.6,alphaearth,2026-09-02T21:55:23.071182+00:00
025_019,48128,29184,crevasse,0.996208,1.0,core,0.0,1.0,grounded,275.6,alphaearth,2026-09-02T21:55:23.071182+00:00
025_019,48128,29696,crevasse,0.990177,1.0,core,0.0,1.0,grounded,199.5,alphaearth,2026-09-02T21:55:23.071182+00:00
025_019,48128,30208,crevasse,0.996349,1.0,core,0.0,1.0,grounded,134.2,alphaearth,2026-09-02T21:55:23.071182+00:00
025_019,48128,30720,crevasse,0.897217,1.0,core,0.0,1.0,grounded,105.4,alphaearth,2026-09-02T21:55:23.071182+00:00
025_019,48128,31232,crevasse,0.666195,1.0,core,0.0,1.0,grounded,79.9,alphaearth,2026-09-02T21:55:23.071182+00:00
025_019,48128,31744,crevasse,0.465103,1.0,core,0.0,1.0,grounded,58.0,alphaearth,2026-09-02T21:55:23.071182+00:00
025_019,48128,34816,none,0.0,1.0,core,7.7,1.0,grounded,25.9,alphaearth,2026-09-02T21:55:23.071182+00:00
025_019,48128,35328,none,0.0,1.0,core,10.2,1.0,grounded,25.1,alphaearth,2026-09-02T21:55:23.071182+00:00
025_019,48128,36352,none,0.0,1.0,core,14.5,1.0,grounded,30.4,alphaearth,2026-09-02T21:55:23.071182+00:00
025_019,48640,17920,crevasse,0.474392,1.0,core,0.0,1.0,grounded,55.1,alphaearth,2026-09-02T21:55:23.071182+00:00
025_019,48640,18944,crevasse,0.451889,1.0,core,0.0,1.0,grounded,130.3,alphaearth,2026-09-02T21:55:23.071182+00:00
025_019,48640,28160,crevasse,0.995361,1.0,core,0.0,1.0,grounded,283.0,alphaearth,2026-09-02T21:55:23.071182+00:00
025_019,48640,28672,crevasse,0.993736,1.0,core,0.0,1.0,grounded,190.7,alphaearth,2026-09-02T21:55:23.071182+00:00
025_019,48640,29184,crevasse,0.990437,1.0,core,0.0,1.0,grounded,148.9,alphaearth,2026-09-02T21:55:23.071182+00:00
025_019,48640,29696,crevasse,0.992401,1.0,core,0.0,1.0,grounded,93.4,alphaearth,2026-09-02T21:55:23.071182+00:00
025_019,48640,30208,crevasse,0.990574,1.0,core,0.0,1.0,grounded,76.7,alphaearth,2026-09-02T21:55:23.071182+00:00
025_019,48640,30720,crevasse,0.915909,1.0,core,0.0,1.0,grounded,68.7,alphaearth,2026-09-02T21:55:23.071182+00:00
025_019,48640,31232,crevasse,0.765198,1.0,core,0.0,1.0,grounded,59.6,alphaearth,2026-09-02T21:55:23.071182+00:00
025_019,48640,31744,crevasse,0.496479,1.0,core,0.0,1.0,grounded,38.0,alphaearth,2026-09-02T21:55:23.071182+00:00
025_019,48640,35328,none,0.0,1.0,core,9.2,1.0,grounded,16.8,alphaearth,2026-09-02T21:55:23.071182+00:00
025_019,48640,36352,none,0.0,1.0,core,12.8,1.0,grounded,18.4,alphaearth,2026-09-02T21:55:23.071182+00:00
025_019,49152,27648,crevasse,0.998726,1.0,core,0.0,1.0,grounded,341.3,alphaearth,2026-09-02T21:55:23.071182+00:00
025_019,49152,28160,crevasse,0.991764,1.0,core,0.0,1.0,grounded,179.2,alphaearth,2026-09-02T21:55:23.071182+00:00
025_019,49152,28672,crevasse,0.977776,1.0,core,0.0,1.0,grounded,126.1,alphaearth,2026-09-02T21:55:23.071182+00:00
025_019,49152,29184,crevasse,0.991386,1.0,core,0.0,1.0,grounded,101.3,alphaearth,2026-09-02T21:55:23.071182+00:00
025_019,49152,29696,crevasse,0.984592,1.0,core,0.0,1.0,grounded,69.6,alphaearth,2026-09-02T21:55:23.071182+00:00
025_019,49152,30208,crevasse,0.991947,1.0,core,0.0,1.0,grounded,64.8,alphaearth,2026-09-02T21:55:23.071182+00:00
025_019,49152,30720,crevasse,0.984035,1.0,core,0.0,1.0,grounded,55.2,alphaearth,2026-09-02T21:55:23.071182+00:00
025_019,49152,31232,crevasse,0.756359,1.0,core,0.0,1.0,grounded,44.3,alphaearth,2026-09-02T21:55:23.071182+00:00
025_019,49152,31744,crevasse,0.554775,1.0,core,0.0,1.0,grounded,36.1,alphaearth,2026-09-02T21:55:23.071182+00:00
025_019,49664,17408,none,0.0,1.0,core,2.6,0.938,grounded,13.3,alphaearth,2026-09-02T21:55:23.071182+00:00
025_019,49664,18944,crevasse,0.261013,1.0,core,0.0,0.688,grounded,70.4,alphaearth,2026-09-02T21:55:23.071182+00:00
025_019,49664,27648,crevasse,0.895699,1.0,core,0.0,0.875,grounded,227.2,alphaearth,2026-09-02T21:55:23.071182+00:00
025_019,49664,28160,crevasse,0.991905,1.0,core,0.0,1.0,grounded,132.7,alphaearth,2026-09-02T21:55:23.071182+00:00
025_019,49664,28672,crevasse,0.966946,1.0,core,0.0,1.0,grounded,115.8,alphaearth,2026-09-02T21:55:23.071182+00:00
025_019,49664,29184,crevasse,0.906818,1.0,core,0.0,1.0,grounded,98.1,alphaearth,2026-09-02T21:55:23.071182+00:00
025_019,49664,29696,crevasse,0.994164,1.0,core,0.0,1.0,grounded,87.4,alphaearth,2026-09-02T21:55:23.071182+00:00
025_019,49664,30208,crevasse,0.996925,1.0,core,0.0,1.0,grounded,76.4,alphaearth,2026-09-02T21:55:23.071182+00:00
025_019,49664,30720,crevasse,0.982533,1.0,core,0.0,1.0,grounded,58.3,alphaearth,2026-09-02T21:55:23.071182+00:00
025_019,49664,31232,crevasse,0.918571,1.0,core,0.0,1.0,grounded,48.9,alphaearth,2026-09-02T21:55:23.071182+00:00
025_019,49664,31744,crevasse,0.417866,1.0,core,0.0,1.0,grounded,42.2,alphaearth,2026-09-02T21:55:23.071182+00:00
025_019,49664,32256,crevasse,0.277431,1.0,core,0.0,1.0,grounded,34.7,alphaearth,2026-09-02T21:55:23.071182+00:00
025_019,49664,34304,none,0.0,1.0,core,2.6,1.0,grounded,17.9,alphaearth,2026-09-02T21:55:23.071182+00:00
025_019,50176,16896,none,0.0,1.0,core,3.6,1.0,grounded,11.9,alphaearth,2026-09-02T21:55:23.071182+00:00
025_019,50176,28160,crevasse,0.966503,1.0,core,0.0,0.938,grounded,141.1,alphaearth,2026-09-02T21:55:23.071182+00:00
025_019,50176,28672,crevasse,0.970867,1.0,core,0.0,1.0,grounded,153.6,alphaearth,2026-09-02T21:55:23.071182+00:00
025_019,50176,29184,crevasse,0.975174,1.0,core,0.0,1.0,grounded,150.7,alphaearth,2026-09-02T21:55:23.071182+00:00
025_019,50176,29696,crevasse,0.996136,1.0,core,0.0,1.0,grounded,122.3,alphaearth,2026-09-02T21:55:23.071182+00:00
025_019,50176,30208,crevasse,0.994091,1.0,core,0.0,1.0,grounded,105.7,alphaearth,2026-09-02T21:55:23.071182+00:00
025_019,50176,30720,crevasse,0.99659,1.0,core,0.0,1.0,grounded,92.1,alphaearth,2026-09-02T21:55:23.071182+00:00
025_019,50176,31232,crevasse,0.823284,1.0,core,0.0,1.0,grounded,59.6,alphaearth,2026-09-02T21:55:23.071182+00:00
025_019,50176,31744,crevasse,0.739029,1.0,core,0.0,1.0,grounded,47.3,alphaearth,2026-09-02T21:55:23.071182+00:00
025_019,50176,32256,crevasse,0.311512,1.0,core,0.0,1.0,grounded,36.4,alphaearth,2026-09-02T21:55:23.071182+00:00
025_019,50688,29184,crevasse,0.969269,1.0,core,0.0,1.0,grounded,215.3,alphaearth,2026-09-02T21:55:23.071182+00:00
025_019,50688,29696,crevasse,0.995106,1.0,core,0.0,1.0,grounded,164.6,alphaearth,2026-09-02T21:55:23.071182+00:00
025_019,50688,30208,crevasse,0.995373,1.0,core,0.0,1.0,grounded,135.4,alphaearth,2026-09-02T21:55:23.071182+00:00
025_019,50688,30720,crevasse,0.976101,1.0,core,0.0,1.0,grounded,106.0,alphaearth,2026-09-02T21:55:23.071182+00:00
025_019,50688,31232,crevasse,0.488602,1.0,core,0.0,1.0,grounded,54.1,alphaearth,2026-09-02T21:55:23.071182+00:00
025_019,50688,31744,crevasse,0.464153,1.0,core,0.0,1.0,grounded,40.2,alphaearth,2026-09-02T21:55:23.071182+00:00
025_019,50688,36352,none,0.0,1.0,core,2.6,1.0,grounded,15.4,alphaearth,2026-09-02T21:55:23.071182+00:00
025_019,51200,17408,none,0.0,1.0,core,2.6,1.0,grounded,11.9,alphaearth,2026-09-02T21:55:23.071182+00:00
025_019,51200,29184,crevasse,0.729771,1.0,core,0.0,0.812,grounded,221.6,alphaearth,2026-09-02T21:55:23.071182+00:00
025_019,51200,29696,crevasse,0.980328,1.0,core,0.0,1.0,grounded,142.0,alphaearth,2026-09-02T21:55:23.071182+00:00
025_019,51200,30208,crevasse,0.92205,1.0,core,0.0,1.0,grounded,88.6,alphaearth,2026-09-02T21:55:23.071182+00:00
025_019,51200,30720,crevasse,0.841721,1.0,core,0.0,1.0,grounded,56.4,alphaearth,2026-09-02T21:55:23.071182+00:00
025_019,51712,29184,crevasse,0.993488,1.0,core,0.0,1.0,grounded,67.3,alphaearth,2026-09-02T21:55:23.071182+00:00
025_019,51712,29696,crevasse,0.862995,1.0,core,0.0,1.0,grounded,45.2,alphaearth,2026-09-02T21:55:23.071182+00:00
025_019,51712,30208,crevasse,0.593796,1.0,core,0.0,1.0,grounded,29.6,alphaearth,2026-09-02T21:55:23.071182+00:00
025_019,51712,32768,crevasse,0.27282,1.0,core,0.0,1.0,grounded,39.4,alphaearth,2026-09-02T21:55:23.071182+00:00
025_019,52224,28672,crevasse,0.735371,1.0,core,0.0,0.938,grounded,37.5,alphaearth,2026-09-02T21:55:23.071182+00:00
025_019,52224,29184,crevasse,0.308033,1.0,core,0.0,1.0,grounded,20.9,alphaearth,2026-09-02T21:55:23.071182+00:00
025_019,52224,31744,crevasse,0.459023,1.0,core,0.0,1.0,grounded,59.1,alphaearth,2026-09-02T21:55:23.071182+00:00
025_019,52224,32256,crevasse,0.887035,1.0,core,0.0,1.0,grounded,61.2,alphaearth,2026-09-02T21:55:23.071182+00:00
025_019,52224,32768,crevasse,0.818794,1.0,core,0.0,1.0,grounded,55.0,alphaearth,2026-09-02T21:55:23.071182+00:00
025_019,52224,33280,crevasse,0.365437,1.0,core,0.0,1.0,grounded,55.6,alphaearth,2026-09-02T21:55:23.071182+00:00
025_019,52736,28672,crevasse,0.450245,1.0,core,0.0,1.0,grounded,21.2,alphaearth,2026-09-02T21:55:23.071182+00:00
025_019,52736,30720,crevasse,0.353214,1.0,core,0.0,1.0,grounded,69.3,alphaearth,2026-09-02T21:55:23.071182+00:00
025_019,52736,31232,crevasse,0.796066,1.0,core,0.0,1.0,grounded,79.2,alphaearth,2026-09-02T21:55:23.071182+00:00
025_019,52736,31744,crevasse,0.827415,1.0,core,0.0,1.0,grounded,88.5,alphaearth,2026-09-02T21:55:23.071182+00:00
025_019,52736,32256,crevasse,0.675716,1.0,core,0.0,1.0,grounded,95.5,alphaearth,2026-09-02T21:55:23.071182+00:00
025_019,52736,35840,none,0.0,1.0,core,2.6,1.0,grounded,51.0,alphaearth,2026-09-02T21:55:23.071182+00:00
025_019,53248,28672,crevasse,0.465904,1.0,core,0.0,0.688,grounded,33.7,alphaearth,2026-09-02T21:55:23.071182+00:00
025_019,53248,29696,crevasse,0.548916,1.0,core,0.0,1.0,grounded,45.2,alphaearth,2026-09-02T21:55:23.071182+00:00
025_019,53248,30208,crevasse,0.905937,1.0,core,0.0,1.0,grounded,145.0,alphaearth,2026-09-02T21:55:23.071182+00:00
025_019,53248,30720,crevasse,0.987694,1.0,core,0.0,1.0,grounded,190.0,alphaearth,2026-09-02T21:55:23.071182+00:00
025_019,53248,31232,crevasse,0.95583,1.0,core,0.0,1.0,grounded,148.6,alphaearth,2026-09-02T21:55:23.071182+00:00
025_019,53248,31744,crevasse,0.474903,1.0,core,0.0,1.0,grounded,105.9,alphaearth,2026-09-02T21:55:23.071182+00:00
025_019,53248,32256,crevasse,0.364292,1.0,core,0.0,1.0,grounded,111.6,alphaearth,2026-09-02T21:55:23.071182+00:00
025_019,53248,36352,none,0.0,1.0,core,5.1,1.0,grounded,47.3,alphaearth,2026-09-02T21:55:23.071182+00:00
025_019,53760,29696,crevasse,0.64399,1.0,core,0.0,0.688,grounded,214.7,alphaearth,2026-09-02T21:55:23.071182+00:00
025_019,53760,30208,crevasse,0.952667,1.0,core,0.0,1.0,grounded,296.3,alphaearth,2026-09-02T21:55:23.071182+00:00
025_019,53760,30720,crevasse,0.99992,1.0,core,0.0,1.0,grounded,263.5,alphaearth,2026-09-02T21:55:23.071182+00:00
025_019,53760,31232,crevasse,0.938114,1.0,core,0.0,1.0,grounded,180.5,alphaearth,2026-09-02T21:55:23.071182+00:00
025_019,53760,31744,crevasse,0.855366,1.0,core,0.0,1.0,grounded,125.4,alphaearth,2026-09-02T21:55:23.071182+00:00
025_019,53760,32256,crevasse,0.612465,1.0,core,0.0,1.0,grounded,143.4,alphaearth,2026-09-02T21:55:23.071182+00:00
025_019,53760,32768,crevasse,0.303875,1.0,core,0.0,1.0,grounded,138.1,alphaearth,2026-09-02T21:55:23.071182+00:00
025_019,53760,35328,none,0.0,1.0,core,2.6,1.0,grounded,73.1,alphaearth,2026-09-02T21:55:23.071182+00:00
025_019,53760,35840,none,0.0,1.0,core,3.6,1.0,grounded,62.3,alphaearth,2026-09-02T21:55:23.071182+00:00
025_019,53760,36352,none,0.0,1.0,core,5.7,1.0,grounded,51.2,alphaearth,2026-09-02T21:55:23.071182+00:00
025_019,54272,30208,crevasse,0.666813,1.0,core,0.0,0.688,grounded,372.5,alphaearth,2026-09-02T21:55:23.071182+00:00
025_019,54272,30720,crevasse,0.989128,1.0,core,0.0,1.0,grounded,280.6,alphaearth,2026-09-02T21:55:23.071182+00:00
025_019,54272,31232,crevasse,0.996311,1.0,core,0.0,1.0,grounded,236.2,alphaearth,2026-09-02T21:55:23.071182+00:00
025_019,54272,31744,crevasse,0.689892,1.0,core,0.0,1.0,grounded,169.7,alphaearth,2026-09-02T21:55:23.071182+00:00
025_019,54272,32256,crevasse,0.739674,1.0,core,0.0,1.0,grounded,173.7,alphaearth,2026-09-02T21:55:23.071182+00:00
025_019,54272,32768,crevasse,0.600231,1.0,core,0.0,1.0,grounded,163.6,alphaearth,2026-09-02T21:55:23.071182+00:00
025_019,54272,34816,none,0.0,1.0,core,2.6,1.0,grounded,94.6,alphaearth,2026-09-02T21:55:23.071182+00:00
025_019,54272,35328,none,0.0,1.0,core,3.6,1.0,grounded,78.9,alphaearth,2026-09-02T21:55:23.071182+00:00
025_019,54272,35840,none,0.0,1.0,core,5.7,1.0,grounded,67.7,alphaearth,2026-09-02T21:55:23.071182+00:00
025_019,54272,36352,none,0.0,1.0,core,7.2,1.0,grounded,58.9,alphaearth,2026-09-02T21:55:23.071182+00:00
025_019,54784,18432,crevasse,0.409084,1.0,core,0.0,0.875,grounded,223.2,alphaearth,2026-09-02T21:55:23.071182+00:00
025_019,54784,30720,crevasse,0.844547,1.0,core,0.0,0.812,grounded,359.4,alphaearth,2026-09-02T21:55:23.071182+00:00
025_019,54784,31232,crevasse,0.999245,1.0,core,0.0,1.0,grounded,317.4,alphaearth,2026-09-02T21:55:23.071182+00:00
025_019,54784,31744,crevasse,0.661331,1.0,core,0.0,1.0,grounded,266.8,alphaearth,2026-09-02T21:55:23.071182+00:00
025_019,54784,32256,crevasse,0.448204,1.0,core,0.0,1.0,grounded,207.3,alphaearth,2026-09-02T21:55:23.071182+00:00
025_019,54784,32768,crevasse,0.334339,1.0,core,0.0,1.0,grounded,193.7,alphaearth,2026-09-02T21:55:23.071182+00:00
025_019,54784,33280,crevasse,0.386765,1.0,core,0.0,1.0,grounded,167.0,alphaearth,2026-09-02T21:55:23.071182+00:00
025_019,54784,34816,none,0.0,1.0,core,2.6,1.0,grounded,97.0,alphaearth,2026-09-02T21:55:23.071182+00:00
025_019,54784,35328,none,0.0,1.0,core,5.1,1.0,grounded,87.5,alphaearth,2026-09-02T21:55:23.071182+00:00
025_019,54784,35840,none,0.0,1.0,core,7.2,1.0,grounded,72.1,alphaearth,2026-09-02T21:55:23.071182+00:00
025_019,54784,36352,none,0.0,1.0,core,9.2,1.0,grounded,61.0,alphaearth,2026-09-02T21:55:23.071182+00:00
025_019,55296,31232,crevasse,0.998959,1.0,core,0.0,1.0,grounded,389.7,alphaearth,2026-09-02T21:55:23.071182+00:00
025_019,55296,31744,crevasse,0.994286,1.0,core,0.0,1.0,grounded,346.4,alphaearth,2026-09-02T21:55:23.071182+00:00
025_019,55296,32256,crevasse,0.845127,1.0,core,0.0,1.0,grounded,222.9,alphaearth,2026-09-02T21:55:23.071182+00:00
025_019,55296,32768,crevasse,0.725658,1.0,core,0.0,1.0,grounded,205.4,alphaearth,2026-09-02T21:55:23.071182+00:00
025_019,55296,33280,crevasse,0.38237,1.0,core,0.0,1.0,grounded,175.7,alphaearth,2026-09-02T21:55:23.071182+00:00
025_019,55296,34816,none,0.0,1.0,core,2.6,1.0,grounded,98.9,alphaearth,2026-09-02T21:55:23.071182+00:00
025_019,55296,35328,none,0.0,1.0,core,5.1,1.0,grounded,92.5,alphaearth,2026-09-02T21:55:23.071182+00:00
025_019,55296,35840,none,0.0,1.0,core,7.7,1.0,grounded,76.9,alphaearth,2026-09-02T21:55:23.071182+00:00
025_019,55296,36352,none,0.0,1.0,core,10.2,1.0,grounded,64.8,alphaearth,2026-09-02T21:55:23.071182+00:00
025_019,55808,31232,crevasse,0.976944,1.0,core,0.0,1.0,grounded,387.8,alphaearth,2026-09-02T21:55:23.071182+00:00
025_019,55808,31744,crevasse,0.994877,1.0,core,0.0,1.0,grounded,353.2,alphaearth,2026-09-02T21:55:23.071182+00:00
025_019,55808,32256,crevasse,0.958763,1.0,core,0.0,1.0,grounded,241.9,alphaearth,2026-09-02T21:55:23.071182+00:00
025_019,55808,32768,crevasse,0.42564,1.0,core,0.0,1.0,grounded,188.8,alphaearth,2026-09-02T21:55:23.071182+00:00
025_019,55808,34816,none,0.0,1.0,core,2.6,1.0,grounded,91.8,alphaearth,2026-09-02T21:55:23.071182+00:00
025_019,55808,35328,none,0.0,1.0,core,5.1,1.0,grounded,83.6,alphaearth,2026-09-02T21:55:23.071182+00:00
025_019,55808,35840,none,0.0,1.0,core,7.7,1.0,grounded,71.8,alphaearth,2026-09-02T21:55:23.071182+00:00
025_019,55808,36352,none,0.0,1.0,core,10.2,1.0,grounded,60.9,alphaearth,2026-09-02T21:55:23.071182+00:00
025_019,56320,31232,crevasse,0.824188,1.0,core,0.0,1.0,grounded,345.2,alphaearth,2026-09-02T21:55:23.071182+00:00
025_019,56320,31744,crevasse,0.770622,1.0,core,0.0,1.0,grounded,262.2,alphaearth,2026-09-02T21:55:23.071182+00:00
025_019,56320,32256,crevasse,0.526791,1.0,core,0.0,1.0,grounded,199.6,alphaearth,2026-09-02T21:55:23.071182+00:00
025_019,56320,32768,crevasse,0.528664,1.0,core,0.0,1.0,grounded,157.8,alphaearth,2026-09-02T21:55:23.071182+00:00
025_019,56320,34304,none,0.0,1.0,core,2.6,1.0,grounded,90.5,alphaearth,2026-09-02T21:55:23.071182+00:00
025_019,56320,34816,none,0.0,1.0,core,3.6,1.0,grounded,77.7,alphaearth,2026-09-02T21:55:23.071182+00:00
025_019,56320,35328,none,0.0,1.0,core,5.7,1.0,grounded,71.7,alphaearth,2026-09-02T21:55:23.071182+00:00
025_019,56320,35840,none,0.0,1.0,core,8.1,1.0,grounded,57.1,alphaearth,2026-09-02T21:55:23.071182+00:00
025_019,56320,36352,none,0.0,1.0,core,10.6,1.0,grounded,48.1,alphaearth,2026-09-02T21:55:23.071182+00:00
025_019,56832,31232,crevasse,0.639481,1.0,core,0.0,1.0,grounded,290.5,alphaearth,2026-09-02T21:55:23.071182+00:00
025_019,56832,31744,crevasse,0.587418,1.0,core,0.0,1.0,grounded,244.7,alphaearth,2026-09-02T21:55:23.071182+00:00
025_019,56832,32256,crevasse,0.398483,1.0,core,0.0,1.0,grounded,208.3,alphaearth,2026-09-02T21:55:23.071182+00:00
025_019,56832,33280,crevasse,0.360699,1.0,core,0.0,1.0,grounded,139.9,alphaearth,2026-09-02T21:55:23.071182+00:00
025_019,56832,34304,none,0.0,1.0,core,2.6,1.0,grounded,83.4,alphaearth,2026-09-02T21:55:23.071182+00:00
025_019,56832,34816,none,0.0,1.0,core,5.1,1.0,grounded,77.7,alphaearth,2026-09-02T21:55:23.071182+00:00
025_019,56832,35328,none,0.0,1.0,core,7.2,1.0,grounded,68.0,alphaearth,2026-09-02T21:55:23.071182+00:00
025_019,56832,35840,none,0.0,1.0,core,9.2,1.0,grounded,51.2,alphaearth,2026-09-02T21:55:23.071182+00:00
025_019,56832,36352,none,0.0,1.0,core,11.4,1.0,grounded,41.3,alphaearth,2026-09-02T21:55:23.071182+00:00
025_019,57344,30208,crevasse,0.571655,1.0,core,0.0,0.75,grounded,174.6,alphaearth,2026-09-02T21:55:23.071182+00:00
025_019,57344,30720,crevasse,0.823952,1.0,core,0.0,1.0,grounded,158.9,alphaearth,2026-09-02T21:55:23.071182+00:00
025_019,57344,31232,crevasse,0.743362,1.0,core,0.0,1.0,grounded,186.7,alphaearth,2026-09-02T21:55:23.071182+00:00
025_019,57344,31744,crevasse,0.613937,1.0,core,0.0,1.0,grounded,199.4,alphaearth,2026-09-02T21:55:23.071182+00:00
025_019,57344,32256,crevasse,0.339153,1.0,core,0.0,1.0,grounded,204.4,alphaearth,2026-09-02T21:55:23.071182+00:00
025_019,57344,33280,crevasse,0.402588,1.0,core,0.0,1.0,grounded,162.0,alphaearth,2026-09-02T21:55:23.071182+00:00
025_019,57344,34304,none,0.0,1.0,core,2.6,1.0,grounded,94.6,alphaearth,2026-09-02T21:55:23.071182+00:00
025_019,57344,34816,none,0.0,1.0,core,5.1,1.0,grounded,83.7,alphaearth,2026-09-02T21:55:23.071182+00:00
025_019,57344,35328,none,0.0,1.0,core,7.7,1.0,grounded,68.7,alphaearth,2026-09-02T21:55:23.071182+00:00
025_019,57344,35840,none,0.0,1.0,core,10.2,1.0,grounded,50.4,alphaearth,2026-09-02T21:55:23.071182+00:00
025_019,57344,36352,none,0.0,1.0,core,12.8,1.0,grounded,40.6,alphaearth,2026-09-02T21:55:23.071182+00:00
025_019,57856,30208,crevasse,0.521687,1.0,core,0.0,0.625,grounded,144.6,alphaearth,2026-09-02T21:55:23.071182+00:00
025_019,57856,30720,crevasse,0.733013,1.0,core,0.0,1.0,grounded,114.0,alphaearth,2026-09-02T21:55:23.071182+00:00
025_019,57856,31232,crevasse,0.72316,1.0,core,0.0,1.0,grounded,115.1,alphaearth,2026-09-02T21:55:23.071182+00:00
025_019,57856,31744,crevasse,0.701805,1.0,core,0.0,1.0,grounded,119.3,alphaearth,2026-09-02T21:55:23.071182+00:00
025_019,57856,32256,crevasse,0.280209,1.0,core,0.0,1.0,grounded,130.7,alphaearth,2026-09-02T21:55:23.071182+00:00
025_019,57856,34304,none,0.0,1.0,core,2.6,1.0,grounded,92.7,alphaearth,2026-09-02T21:55:23.071182+00:00
025_019,57856,34816,none,0.0,1.0,core,5.1,1.0,grounded,82.7,alphaearth,2026-09-02T21:55:23.071182+00:00
025_019,57856,35328,none,0.0,1.0,core,7.7,1.0,grounded,66.5,alphaearth,2026-09-02T21:55:23.071182+00:00
025_019,57856,35840,none,0.0,1.0,core,10.2,1.0,grounded,44.3,alphaearth,2026-09-02T21:55:23.071182+00:00
025_019,57856,36352,none,0.0,1.0,core,12.8,1.0,grounded,36.5,alphaearth,2026-09-02T21:55:23.071182+00:00
025_019,58368,30720,crevasse,0.763172,1.0,core,0.0,0.938,grounded,162.1,alphaearth,2026-09-02T21:55:23.071182+00:00
025_019,58368,31232,crevasse,0.865147,1.0,core,0.0,1.0,grounded,142.3,alphaearth,2026-09-02T21:55:23.071182+00:00
025_019,58368,31744,crevasse,0.514046,1.0,core,0.0,1.0,grounded,115.2,alphaearth,2026-09-02T21:55:23.071182+00:00
025_019,58368,33792,none,0.0,1.0,core,2.6,1.0,grounded,68.4,alphaearth,2026-09-02T21:55:23.071182+00:00
025_019,58368,34304,none,0.0,1.0,core,3.6,1.0,grounded,73.9,alphaearth,2026-09-02T21:55:23.071182+00:00
025_019,58368,34816,none,0.0,1.0,core,5.7,1.0,grounded,75.9,alphaearth,2026-09-02T21:55:23.071182+00:00
025_019,58368,35328,none,0.0,1.0,core,8.1,1.0,grounded,58.6,alphaearth,2026-09-02T21:55:23.071182+00:00
025_019,58368,35840,none,0.0,1.0,core,10.6,1.0,grounded,43.1,alphaearth,2026-09-02T21:55:23.071182+00:00
025_019,58880,31232,crevasse,0.742329,1.0,core,0.0,1.0,grounded,203.7,alphaearth,2026-09-02T21:55:23.071182+00:00
025_019,58880,31744,crevasse,0.399517,1.0,core,0.0,1.0,grounded,176.9,alphaearth,2026-09-02T21:55:23.071182+00:00
025_019,58880,33280,none,0.0,1.0,core,2.6,1.0,grounded,75.3,alphaearth,2026-09-02T21:55:23.071182+00:00
025_019,58880,34816,none,0.0,1.0,core,7.2,1.0,grounded,47.0,alphaearth,2026-09-02T21:55:23.071182+00:00
025_019,58880,35328,none,0.0,1.0,core,9.2,1.0,grounded,38.9,alphaearth,2026-09-02T21:55:23.071182+00:00
025_019,58880,35840,none,0.0,1.0,core,11.4,1.0,grounded,36.6,alphaearth,2026-09-02T21:55:23.071182+00:00
025_019,58880,36352,none,0.0,1.0,core,13.8,1.0,grounded,34.0,alphaearth,2026-09-02T21:55:23.071182+00:00
025_019,59392,31232,crevasse,0.737328,1.0,core,0.0,1.0,grounded,188.2,alphaearth,2026-09-02T21:55:23.071182+00:00
025_019,59392,33280,none,0.0,1.0,core,2.6,1.0,grounded,67.7,alphaearth,2026-09-02T21:55:23.071182+00:00
025_019,59392,34304,none,0.0,1.0,core,7.2,1.0,grounded,48.2,alphaearth,2026-09-02T21:55:23.071182+00:00
025_019,59392,35328,none,0.0,1.0,core,10.9,1.0,grounded,29.7,alphaearth,2026-09-02T21:55:23.071182+00:00
025_019,59392,35840,none,0.0,1.0,core,12.8,1.0,grounded,26.2,alphaearth,2026-09-02T21:55:23.071182+00:00
025_019,59904,30720,crevasse,0.570343,1.0,core,0.0,0.688,grounded,142.3,alphaearth,2026-09-02T21:55:23.071182+00:00
025_019,59904,31232,crevasse,0.495518,1.0,core,0.0,1.0,grounded,122.1,alphaearth,2026-09-02T21:55:23.071182+00:00
025_019,59904,32256,none,0.0,1.0,core,2.6,1.0,grounded,70.5,alphaearth,2026-09-02T21:55:23.071182+00:00
025_019,59904,32768,none,0.0,1.0,core,2.6,1.0,grounded,64.4,alphaearth,2026-09-02T21:55:23.071182+00:00
025_019,59904,33280,none,0.0,1.0,core,3.6,1.0,grounded,54.6,alphaearth,2026-09-02T21:55:23.071182+00:00
025_019,59904,33792,none,0.0,1.0,core,5.7,1.0,grounded,47.1,alphaearth,2026-09-02T21:55:23.071182+00:00
025_019,59904,34304,none,0.0,1.0,core,8.1,1.0,grounded,36.2,alphaearth,2026-09-02T21:55:23.071182+00:00
025_019,59904,34816,none,0.0,1.0,core,10.6,1.0,grounded,31.6,alphaearth,2026-09-02T21:55:23.071182+00:00
025_019,59904,35328,none,0.0,1.0,core,12.8,1.0,grounded,25.3,alphaearth,2026-09-02T21:55:23.071182+00:00
025_019,60416,31232,crevasse,0.432953,1.0,core,0.0,1.0,grounded,81.2,alphaearth,2026-09-02T21:55:23.071182+00:00
025_019,60416,32256,none,0.0,1.0,core,2.6,1.0,grounded,42.4,alphaearth,2026-09-02T21:55:23.071182+00:00
025_019,60416,32768,none,0.0,1.0,core,5.1,1.0,grounded,40.0,alphaearth,2026-09-02T21:55:23.071182+00:00
025_019,60416,33280,none,0.0,1.0,core,5.7,1.0,grounded,38.1,alphaearth,2026-09-02T21:55:23.071182+00:00
025_019,60416,33792,none,0.0,1.0,core,7.2,1.0,grounded,32.7,alphaearth,2026-09-02T21:55:23.071182+00:00
025_019,60416,34304,none,0.0,1.0,core,9.2,1.0,grounded,27.7,alphaearth,2026-09-02T21:55:23.071182+00:00
025_019,60928,30208,crevasse,0.651833,1.0,core,0.0,1.0,grounded,90.0,alphaearth,2026-09-02T21:55:23.071182+00:00
025_019,60928,30720,crevasse,0.657352,1.0,core,0.0,1.0,grounded,86.6,alphaearth,2026-09-02T21:55:23.071182+00:00
025_019,60928,32256,none,0.0,1.0,core,2.6,1.0,grounded,33.9,alphaearth,2026-09-02T21:55:23.071182+00:00
025_019,60928,33280,none,0.0,1.0,core,5.7,1.0,grounded,26.0,alphaearth,2026-09-02T21:55:23.071182+00:00
025_019,61440,30208,crevasse,0.598694,1.0,core,0.0,1.0,grounded,81.8,alphaearth,2026-09-02T21:55:23.071182+00:00
025_019,61952,30208,crevasse,0.60508,1.0,core,0.0,1.0,grounded,73.3,alphaearth,2026-09-02T21:55:23.071182+00:00
025_019,61952,30720,crevasse,0.290894,1.0,core,0.0,1.0,grounded,47.2,alphaearth,2026-09-02T21:55:23.071182+00:00
025_019,62464,29696,crevasse,0.475502,1.0,core,0.0,0.625,grounded,155.5,alphaearth,2026-09-02T21:55:23.071182+00:00
025_019,62464,30208,crevasse,0.722878,1.0,core,0.0,1.0,grounded,88.3,alphaearth,2026-09-02T21:55:23.071182+00:00
025_019,62464,30720,crevasse,0.260868,1.0,core,0.0,1.0,grounded,55.5,alphaearth,2026-09-02T21:55:23.071182+00:00
025_019,62976,26624,crevasse,0.611603,1.0,core,0.0,0.875,grounded,207.8,alphaearth,2026-09-02T21:55:23.071182+00:00
025_019,62976,29696,crevasse,0.795261,1.0,core,0.0,1.0,grounded,201.2,alphaearth,2026-09-02T21:55:23.071182+00:00
025_019,62976,30208,crevasse,0.688076,1.0,core,0.0,1.0,grounded,115.9,alphaearth,2026-09-02T21:55:23.071182+00:00
025_019,63488,29696,crevasse,0.435875,0.8193,core,0.0,1.0,grounded,284.5,alphaearth,2026-09-02T21:55:23.071182+00:00
